ACTIVITIES,ACTIVITY_DEPARTMENT_ID
ACTIVITIES,ACTIVITY_TYPE_ID
ACTIVITIES,ACTIVITYGROUP_ID
ACTIVITIES,CHILD_SEASON_ID
ACTIVITIES,CONTACTTYPE_ID
ACTIVITIES,COPIED_FROM_ACTIVITY_ID
ACTIVITIES,CUSTOMQUESTION_ID
ACTIVITIES,ENROLLMENT_EMAIL_NOTIFICATION_ID
ACTIVITIES,EXPENSE_GL_ACCOUNT_ID
ACTIVITIES,EXPENSE_OFFSET_GL_ACCOUNT_ID
ACTIVITIES,FACILITY_ID
ACTIVITIES,FEE_CONTRACT_ID
ACTIVITIES,GRADEIDMAX
ACTIVITIES,GRADEIDMIN
ACTIVITIES,GROUP_CONTACTTYPE_ID
ACTIVITIES,ONLINE_CALENDAR_ID
ACTIVITIES,PARENTACTIVITY_ID
ACTIVITIES,PREPCODE_ID
ACTIVITIES,PRIMARYINSTRUCTOR_ID
ACTIVITIES,RG_CATEGORY_ID
ACTIVITIES,RG_SUB_CATEGORY_ID
ACTIVITIES,RISK_CATEGORY_ID
ACTIVITIES,ROLL_OVER_TO_ACTIVITY_ID
ACTIVITIES,SEASON_ID
ACTIVITIES,SITE_ID
ACTIVITIES,STAFF_FEE_CONTRACT_ID
ACTIVITIES,SUPERVISOR_ID
ACTIVITIES,USAGE_FEE_ID
ACTIVITIES,WITHDRAWAL_EMAIL_NOTIFICATION_ID
ACTIVITY_ALTERNATE_KEY_STATUS,ACTIVITY_ID
ACTIVITY_ALTERNATE_KEY_STATUS,ALTERNATEKEYSTATUS_ID
ACTIVITY_ALTERNATE_KEY_TYPE,ACTIVITY_ID
ACTIVITY_ALTERNATE_KEY_TYPE,ALTERNATEKEYTYPE_ID
ACTIVITY_AUTO_RESERVED_SEAT,WAITLIST_TRANSACTION_ID
ACTIVITY_BIB_GROUP_MAXES,ACTIVITY_BIB_GROUP_ID
ACTIVITY_BIB_GROUP_MAXES,ACTIVITY_ID
ACTIVITY_BIB_GROUPS,ACTIVITY_ID
ACTIVITY_BIB_NUMBERS,ACTIVITY_BIB_GROUP_ID
ACTIVITY_BIB_NUMBERS,TRANSACTION_ID
ACTIVITY_BIB_RANGES,ACTIVITY_ID
ACTIVITY_BIB_RANGES,MANAGED_ACTIVITY_ID
ACTIVITY_BIB_RULE_ACTIONS,ACTIVITY_BIB_RULE_ID
ACTIVITY_BIB_RULE_ACTIONS,STAGE_ID
ACTIVITY_BIB_RULES,ACTIVITY_ID
ACTIVITY_BIB_RULES,CUSTOMQUESTION_ID
ACTIVITY_CAMPAIGN,ACTIVITY_ID
ACTIVITY_CAMPAIGN,CAMPAIGN_ID
ACTIVITY_CQA_PENDINGADDS,ACTIVITY_CQA_ID
ACTIVITY_CQA_PENDINGADDS,WORKSTATION_ID
ACTIVITY_CQA_STATISTICS,ACTIVITY_CQA_ID
ACTIVITY_DATE_EQUIPMENT,ACTIVITY_DATE_ID
ACTIVITY_DATE_EQUIPMENT,EQUIPMENT_ID
ACTIVITY_DATE_EQUIPMENT,EQUIPMENT_SCHEDULE_ID
ACTIVITY_DATES,ACTIVITY_ID
ACTIVITY_DATES,ACTIVITY_RESERVATION_PATTERN_DATE_ID
ACTIVITY_DATES,ACTIVITY_RESERVATION_PATTERN_ID
ACTIVITY_DATES,AWAYTEAM_ID
ACTIVITY_DATES,FACILITY_ID
ACTIVITY_DATES,FACILITY_SCHEDULE_ID
ACTIVITY_DATES,HOMETEAM_ID
ACTIVITY_DATES,LEAGUESCHEDULEPAIRING_ID
ACTIVITY_DEPARTMENTS,DEFAULT_EXPENSE_GL_ACCOUNT_ID
ACTIVITY_DEPARTMENTS,DEFAULT_EXPENSE_OFFSET_GL_ACCOUNT_ID
ACTIVITY_DEPARTMENTS,DEFAULT_GL_ACCOUNT_ID
ACTIVITY_FACILITIES,ACTIVITY_ID
ACTIVITY_FACILITIES,FACILITY_ID
ACTIVITY_FACILITIES,PREPCODE_ID
ACTIVITY_FEE_INSTRUCTORS,ACTIVITY_FEE_ID
ACTIVITY_FEE_INSTRUCTORS,ACTIVITY_INSTRUCTOR_ID
ACTIVITY_FEE_INSTRUCTORS,INSTRUCTOR_ROLE_ID
ACTIVITY_FEES,ACTIVITY_ID
ACTIVITY_FEES,ACTIVITYTEAMCATEGORY_ID
ACTIVITY_FEES,CHARGE_ID
ACTIVITY_FEES,CUSTOMERTYPE_ID
ACTIVITY_FEES,GLACCOUNT_ID
ACTIVITY_FEES,SYSTEM_GL_ACCOUNT_PACKAGE_ID
ACTIVITY_FEES,VOLUME_PRICING_PLAN_ID
ACTIVITY_FEES_REGIONS,ACTIVITY_FEES_ID
ACTIVITY_INSTRUCTORS,ACTIVITY_ID
ACTIVITY_INSTRUCTORS,INSTRUCTOR_ID
ACTIVITY_INSTRUCTORS,INSTRUCTOR_ROLE_ID
ACTIVITY_INSTRUCTORS,INSTRUCTORTYPE_ID
ACTIVITY_INSTRUCTORS,PREPARATION_INSTRUCTOR_ROLE_ID
ACTIVITY_MAIL,ACTIVITY_ID
ACTIVITY_MAIL,MAILINGLIST_ID
ACTIVITY_PACKAGE_ACTIVITIES,ACTIVITY_ID
ACTIVITY_PACKAGE_ACTIVITIES,ACTIVITY_PACKAGE_ID
ACTIVITY_PACKAGE_CATEGORIES,ACTIVITY_PACKAGE_ID
ACTIVITY_PACKAGE_CATEGORIES,RG_CATEGORY_ID
ACTIVITY_PACKAGE_CATEGORIES,RG_SUB_CATEGORY_ID
ACTIVITY_PACKAGES,ACTIVITY_ID
ACTIVITY_RESERVATION_PATTERN_DATES,ACTIVITY_RESERVATION_PATTERN_ID
ACTIVITY_RESERVATION_PATTERN_FACILITIES,ACTIVITY_RESERVATION_PATTERN_ID
ACTIVITY_RESERVATION_PATTERN_FACILITIES,FACILITY_ID
ACTIVITY_RESERVATION_PATTERNS,ACTIVITY_ID
ACTIVITY_RESERVATION_PATTERNS,PREPCODE_ID
ACTIVITY_RESULTS,ACTIVITY_BIB_NUMBER_ID
ACTIVITY_RESULTS,ACTIVITY_ID
ACTIVITY_TYPE_CONFIGS,ACTIVITY_TYPE_ID
ACTIVITY_TYPE_INSTRUCTOR_ATTENDANCE_CODE,ACTIVITY_TYPE_ID
ACTIVITY_TYPE_INSTRUCTOR_ATTENDANCE_CODE,ATTENDANCE_CODE_ID
ACTIVITY_TYPE_PARTICIPANT_ATTENDANCE_CODE,ACTIVITY_TYPE_ID
ACTIVITY_TYPE_PARTICIPANT_ATTENDANCE_CODE,ATTENDANCE_CODE_ID
ACTIVITY_TYPES,DEFAULT_INSTRUCTOR_ATTENDANCE_CODE_ID
ACTIVITYATTENDANCE,ACTIVITY_DATE_ID
ACTIVITYATTENDANCE,ACTIVITY_INSTRUCTOR_ID
ACTIVITYATTENDANCE,ATTENDANCE_CODE_ID
ACTIVITYATTENDANCE,FACILITY_SCHEDULE_ID
ACTIVITYATTENDANCE,PAYROLL_PERIOD_ID
ACTIVITYATTENDANCE,SITE_ID
ACTIVITYATTENDANCE,SUB_INSTRUCTOR_ID
ACTIVITYATTENDANCE,TRANSACTION_ID
ACTIVITYAWARDCODE,ACTIVITY_ID
ACTIVITYAWARDCODE,AWARDCODE_ID
ACTIVITYCONFIGURATION,ACTIVITY_TYPE_ID
ACTIVITYCUSTOMQUESTIONANSWERS,ACTIVITY_ID
ACTIVITYCUSTOMQUESTIONANSWERS,CUSTOMQUESTION_ID
ACTIVITYCUSTOMQUESTIONS,ACTIVITY_ID
ACTIVITYCUSTOMQUESTIONS,CUSTOM_QUESTION_GROUP_ID
ACTIVITYCUSTOMQUESTIONS,CUSTOMQUESTION_ID
ACTIVITYDIVISIONS,ACTIVITY_ID
ACTIVITYFEEPACKAGES,ACTIVITY_FEE_ID
ACTIVITYFEEPACKAGES,PACKAGE_CATEGORY_ID
ACTIVITYFEEPACKAGES,PACKAGE_ID
ACTIVITYLOGS,ACTIVITY_ID
ACTIVITYLOGS,SYSTEMUSER_ID
ACTIVITYMERCHANDISE,ACTIVITY_ID
ACTIVITYMERCHANDISE,DCPROGRAM_ID
ACTIVITYMERCHANDISE,POSPRODUCT_ID
ACTIVITYREGISTRATIONWINDOWS,ACTIVITY_ID
ACTIVITYSKILL,ACTIVITY_ID
ACTIVITYSKILL,SKILL_ID
ACTIVITYSTATISTICS,ACTIVITY_ID
ACTIVITYTEAMCATEGORIES,ACTIVITY_ID
ACTIVITYTEAMCATEGORIES,TEAMCATEGORY_ID
ACTIVITYUSERS,ACTIVITY_ID
ACTIVITYUSERS,SYSTEMUSER_ID
ADHOCREPORTS,CREATED_BY
AGENCY_RECEIPTDETAILS,GLACCOUNT_ID
AGENCY_RECEIPTDETAILS,RECEIPTDETAIL_ID
ALTKEY_ENTRY_POINT_TIMES,ALTKEYTYPE_ALTKEYSTATUS_ID
ALTKEY_ENTRY_POINT_TIMES,ALTKEYTYPEENTRYPOINT_ID
ALTKEY_ENTRY_POINT_TIMES,ENTRYPOINT_ID
ALTKEYTYPE_ALTKEYSTATUSES,ALTERNATEKEYSTATUS_ID
ALTKEYTYPE_ALTKEYSTATUSES,ALTERNATEKEYTYPE_ID
ALTKEYTYPE_ENTRY_POINTS,ALTERNATEKEYTYPE_ID
ALTKEYTYPE_ENTRY_POINTS,ENTRYPOINT_ID
AMSACCOUNTLOG,SITE_ID
AMSACCOUNTLOG,SYSTEMUSER_ID
ANSWERS,CUSTOMQUESTION_ID
ANSWERS,DEMOGRAPHIC_ID
ANSWERS,SUB_CUSTOMQUESTION_ID
AR_LATE_FEES,ARSCHEDULEHEADER_ID
AR_LATE_FEES,ARTRANSACTION_ID
AR_LATE_FEES,ORIGINAL_TRANSACTION_ID
AR_LATE_FEES,TRANSACTION_ID
ARAUTOPAYMENTLOG,ARSCHEDULEHEADER_ID
ARINTERESTS,ARSCHEDULEHEADER_ID
ARINTERESTS,ARTRANSACTION_ID
ARINTERESTS,ORIGINAL_TRANSACTION_ID
ARINTERESTS,TRANSACTION_ID
ARSCHEDULEDETAIL,ARSCHEDULEHEADER_ID
ARSCHEDULEDETAIL,COMPANY_ID
ARSCHEDULEDETAIL,CUSTOMER_ID
ARSCHEDULEDETAIL,DCSESSION_ID
ARSCHEDULEDETAIL,SITE_ID
ARSCHEDULEDETAIL,STATION_ID
ARSCHEDULEDETAIL,SYSTEMUSER_ID
ARSCHEDULEHEADER,AUTO_PAY_DCPROGRAM_ID
ARSCHEDULEHEADER,AUTO_PAY_FOR_CUSTOMER_ID
ARSCHEDULEHEADER,COMPANY_ID
ARSCHEDULEHEADER,CONTRACT_ID
ARSCHEDULEHEADER,CUSTOMER_ID
ARSCHEDULEHEADER,PERMIT_ID
ARSCHEDULEHEADER,RECEIPTPAYMENT_ID
ARSCHEDULEHEADER,SAVED_CREDITCARD_ID
ARSCHEDULEHEADER,SITE_ID
ARSCHEDULEHEADER,STATION_ID
ARSCHEDULEHEADER,SYSTEMUSER_ID
ARSCHEDULEHEADER,TRANSACTION_ID
ARTRANSACTIONS,ARSCHEDULEHEADER_ID
ARTRANSACTIONS,COMPANY_ID
ARTRANSACTIONS,CUSTOMER_ID
ARTRANSACTIONS,ORIGINALARTRANSACTION_ID
ARTRANSACTIONS,RECEIPTDETAIL_ID
ARTRANSACTIONS,RECEIPTHEADER_ID
ARTRANSACTIONS,SITE_ID
ARTRANSACTIONS,STATION_ID
ARTRANSACTIONS,SYSTEMUSER_ID
ARTRANSACTIONS,TRANSACTIONCOMPANY_ID
ARTRANSACTIONS,TRANSACTIONCUSTOMER_ID
ATTACHEDCHECKLISTITEMS,ACTIVITY_ID
ATTACHEDCHECKLISTITEMS,DCPROGRAM_ID
ATTACHEDCHECKLISTITEMS,EVENTTYPE_ID
ATTACHEDCHECKLISTITEMS,PACKAGE_ID
ATTACHEDCHECKLISTITEMS,STAGE_ID
AWARDCODECOMBINATIONS,AWARD_ID
AWARDCOMBOAWARDCODES,AWARD_CODE_COMBINATION_ID
AWARDCOMBOAWARDCODES,AWARDCODE_ID
BATCHCOPYACTVITYRESULT,SYSTEMUSER_ID
BULKEMAILACKNOWLEDGEMENTS,BULKEMAILRECIPIENT_ID
BULKEMAILATTACHMENTS,BULKEMAILTASK_ID
BULKEMAILATTACHMENTS,UPLOADEDFILE_ID
BULKEMAILRECIPIENTS,BULKEMAILTASK_ID
BULKEMAILRECIPIENTS,CUSTOMER_ID
BULKEMAILTASKS,ACTIVITY_ID
BULKEMAILTASKS,CUSTOMER_ID
BULKEMAILTASKS,FROMEMAILADDRESS_ID
BULKEMAILTASKS,TEAM_ID
CAMPAIGN_DIVISION_LEADERS,CAMPAIGN_DIVISION_ID
CAMPAIGN_DIVISION_LEADERS,CUSTOMER_ID
CAMPAIGN_DIVISION_LEADERS,SYSTEMUSER_ID
CAMPAIGN_DIVISIONS,CAMPAIGN_ID
CAMPAIGN_DONATIONS,CAMPAIGN_ID
CAMPAIGN_DONATIONS,COMPANY_ID
CAMPAIGN_DONATIONS,CUSTOMER_ID
CAMPAIGN_DONATIONS,ORIGINAL_TRANSACTION_ID
CAMPAIGN_DONATIONS,SAVED_CREDITCARD_ID
CAMPAIGN_MANAGERS,CAMPAIGN_ID
CAMPAIGN_MANAGERS,CUSTOMER_ID
CAMPAIGN_MANAGERS,SYSTEMUSER_ID
CAMPAIGN_PROSPECTS,CAMPAIGN_DIVISION_ID
CAMPAIGN_PROSPECTS,CAMPAIGN_ID
CAMPAIGN_PROSPECTS,CAMPAIGN_TEAM_ID
CAMPAIGN_PROSPECTS,CAMPAIGNER_ID
CAMPAIGN_PROSPECTS,CUSTOMER_ID
CAMPAIGN_SCHEDULED_DONATIONS,CAMPAIGN_DONATION_ID
CAMPAIGN_SCHEDULED_DONATIONS,RECEIPTHEADER_ID
CAMPAIGN_SCHEDULED_DONATIONS_LOG,CAMPAIGN_DONATION_SCHEDULE_ID
CAMPAIGN_TEAM_LEADERS,CAMPAIGN_TEAM_ID
CAMPAIGN_TEAM_LEADERS,CUSTOMER_ID
CAMPAIGN_TEAM_LEADERS,SYSTEMUSER_ID
CAMPAIGN_TEAMS,CAMPAIGN_DIVISION_ID
CAMPAIGN_TEAMS,CAMPAIGN_ID
CAMPAIGNERS,CAMPAIGN_DIVISION_ID
CAMPAIGNERS,CAMPAIGN_ID
CAMPAIGNERS,CAMPAIGN_TEAM_ID
CAMPAIGNERS,CUSTOMER_ID
CAMPAIGNERS,SYSTEMUSER_ID
CAMPAIGNLOGS,CAMPAIGN_ID
CAMPAIGNLOGS,SYSTEMUSER_ID
CAMPAIGNS,FEE_CONTRACT_ID
CAMPAIGNS,FUND_SCHOLARSHIP_CHARGE_ID
CAMPAIGNS,GLACCOUNT_ID
CAMPAIGNS,STAFF_FEE_CONTRACT_ID
CAMPAIGNS,UPLOADEDFILE_ID
CASH_SUMMARY_SHEET_DENOMINATIONS,CASH_SUMMARY_SHEET_ID
CASH_SUMMARY_SHEET_DENOMINATIONS,DENOMINATION_ID
CASH_SUMMARY_SHEET_LAYOUT_DENOMINATIONS,CASH_SUMMARY_SHEET_LAYOUT_ID
CASH_SUMMARY_SHEET_LAYOUT_DENOMINATIONS,DENOMINATION_ID
CASH_SUMMARY_SHEET_LAYOUT_PAYMENT_TYPES,CASH_SUMMARY_SHEET_LAYOUT_ID
CASH_SUMMARY_SHEET_LAYOUT_PAYMENT_TYPES,CUSTOMIZED_PAYMENT_TYPE_ID
CASH_SUMMARY_SHEET_LAYOUTS,OVER_CREDIT_GL_ACCOUNT_ID
CASH_SUMMARY_SHEET_LAYOUTS,OVER_DEBIT_GL_ACCOUNT_ID
CASH_SUMMARY_SHEET_LAYOUTS,SHORT_CREDIT_GL_ACCOUNT_ID
CASH_SUMMARY_SHEET_LAYOUTS,SHORT_DEBIT_GL_ACCOUNT_ID
CASH_SUMMARY_SHEET_LOGS,CASH_SUMMARY_SHEET_ID
CASH_SUMMARY_SHEET_LOGS,SYSTEMUSER_ID
CASH_SUMMARY_SHEET_PAYMENT_TYPES,CASH_SUMMARY_SHEET_ID
CASH_SUMMARY_SHEET_PAYMENT_TYPES,CUSTOMIZED_PAYMENT_TYPE_ID
CASH_SUMMARY_SHEETS,CASH_SUMMARY_SHEET_LAYOUT_ID
CASH_SUMMARY_SHEETS,SYSTEM_USER_ID
CASH_SUMMARY_SHEETS,WORKSTATION_ID
CASH_SUMMARY_SHEETS,ZOUTREPORT_ID
CENTERS,GEOGRAPHIC_AREA_ID
CENTERS,SITE_ID
CENTERS,SUPERVISOR_ID
CENTERS,SYSTEMUSER_ID
CHARGE_CUSTOM_QUESTION_GROUPS,CHARGE_ID
CHARGE_CUSTOM_QUESTION_GROUPS,CUSTOM_QUESTION_GROUP_ID
CHARGE_CUSTOMEQUESTION_ANSWERS,CUSTOMQUESTION_ID
CHARGE_CUSTOMEQUESTION_ANSWERS,STANDARDCHARGES_ID
CHARGE_CUSTOMQUESTIONS,CHARGE_ID
CHARGE_CUSTOMQUESTIONS,CUSTOMQUESTION_ID
CHARGE_ELIGIBILITY_CUSTOMQUESTIONS,CHARGE_ID
CHARGE_ELIGIBILITY_CUSTOMQUESTIONS,CUSTOMQUESTION_ID
CHARGE_ELIGIBILITY_QUESTION_GROUPS,CHARGE_ID
CHARGE_ELIGIBILITY_QUESTION_GROUPS,CUSTOM_QUESTION_GROUP_ID
CHARGELOGS,CHARGE_ID
CHARGELOGS,SYSTEMUSER_ID
CHARGES,CHILD_SEASON_ID
CHARGES,CUSTOMERTYPE_ID
CHARGES,GLACCOUNT_ID
CHARGES,SEASON_ID
CHARGES,SITE_ID
CHARGES,SYSTEM_GL_ACCOUNT_PACKAGE_ID
CHILD_SEASONS,PARENT_SEASON_ID
CITIES,STATE_ID
CLASS_ACCOUNTING_EVENTS,COMPANY_ID
CLASS_ACCOUNTING_EVENTS,CUSTOMER_ID
CLIENT_MEMBERSHIP_DATA,CUSTOMER_ID
CLIENT_MEMBERSHIP_DATA,CUSTOMERALTERNATEKEY_ID
CLIENT_MEMBERSHIP_DATA,ENTRYPOINT_ID
CLIENT_MEMBERSHIP_DATA,MEMBERSHIP_ID
CLIENT_MEMBERSHIP_DATA,PACKAGE_ID
CLIENT_MEMBERSHIP_DATA,PASS_ID
COMMISSION_ALLOCATIONS,COMMISSION_PAYOUT_RATE_ID
COMMISSION_ALLOCATIONS,COMMISSION_SCHEME_ID
COMMISSION_ALLOCATIONS,SYSTEMUSER_ID
COMMISSION_ALLOCATIONS,TRANSACTION_ID
COMMISSION_PAYOUT_RATE_LINKS,ACTIVITY_DEPARTMENT_ID
COMMISSION_PAYOUT_RATE_LINKS,ACTIVITY_ID
COMMISSION_PAYOUT_RATE_LINKS,COMMISSION_PAYOUT_RATE_ID
COMMISSION_PAYOUT_RATE_LINKS,PACKAGE_ID
COMMISSION_PAYOUT_RATE_LINKS,PACKAGECATEGORY_ID
COMMISSION_PAYOUT_RATE_LINKS,POSPRODUCT_ID
COMMISSION_PAYOUT_RATE_LINKS,PRODUCTCLASS_ID
COMMISSION_PAYOUT_RATE_LINKS,PRODUCTDEPARTMENT_ID
COMMISSION_PAYOUT_RATE_LINKS,PRODUCTSUBCLASS_ID
COMMISSION_PAYOUT_RATE_LINKS,RG_CATEGORY_ID
COMMISSION_PAYOUT_RATE_LINKS,RG_SUB_CATEGORY_ID
COMMISSION_PAYOUT_RATE_TIERS,COMMISSION_ALLOCATION_ID
COMMISSION_PAYOUT_RATE_TIERS,COMMISSION_PAYOUT_RATE_ID
COMMISSION_PAYOUT_RATES,COMMISSION_SCHEME_ID
COMPANIES,CUSTOMERTYPE_ID
COMPANIES,GEOGRAPHIC_AREA_ID
COMPANIES,PARENTCOMPANY_ID
COMPANIES,SITE_ID
COMPANY_TEAMCATEGORIES,COMPANY_ID
COMPANY_TEAMCATEGORIES,TEAMCATEGORY_ID
COMPANYCONSOLIDATIONLOG,SYSTEMUSER_ID
COMPCONSOLIDATIONEXCLUDES,EXCLUDEDBYUSER_ID
COMPCONSOLIDATIONEXCLUDES,HIGHERCOMPANY_ID
COMPCONSOLIDATIONEXCLUDES,LOWERCOMPANY_ID
CONTRACT_TIERS,CONTRACT_ID
CONTRACTS,CHARGES_RECEIPT_HEADER_ID
CONTRACTS,COMPANY_ID
CONTRACTS,COUPON_ID
CONTRACTS,PARENT_CONTRACT_ID
CONTRACTSTATISTICS,CONTRACT_ID
CONV_FEE_OPTIONS,ACTIVITY_ID
CONV_FEE_OPTIONS,DCPROGRAM_ID
CONV_FEE_OPTIONS,FEE_CONTRACT_ID
CONV_FEE_OPTIONS,PACKAGE_ID
CONV_FEE_OPTIONS,PACKAGECATEGORY_ID
CONV_FEE_OPTIONS,POSPRODUCT_ID
CONV_FEE_OPTIONS,RG_CATEGORY_ID
CONV_FEE_OPTIONS,SITE_FEE_CONTRACT_ID
COUPON_ADMINISTRATORS,CONTACTTYPE_ID
COUPON_ADMINISTRATORS,COUPON_ID
COUPON_ADMINISTRATORS,CUSTOMER_ID
COUPON_PENDINGADDS,COUPON_ID
COUPON_PENDINGADDS,WORKSTATION_ID
COUPONBATCHES,CHARGE_ID
COUPONBATCHES,COUPON_CATEGORY_ID
COUPONBATCHES,GLACCOUNT_ID
COUPONBATCHES,REPORTDEFINITION_ID
COUPONBATCHLINKS,ACTIVITY_ID
COUPONBATCHLINKS,COUPONBATCH_ID
COUPONBATCHLINKS,PACKAGE_ID
COUPONBATCHLINKS,PACKAGECATEGORY_ID
COUPONBATCHLINKS,POSPRODUCT_ID
COUPONBATCHLINKS,PRODUCTCLASS_ID
COUPONBATCHLINKS,PRODUCTDEPARTMENT_ID
COUPONBATCHLINKS,PRODUCTSUBCLASS_ID
COUPONBATCHLINKS,RG_CATEGORY_ID
COUPONBATCHLINKS,SEASON_ID
COUPONBATCHLINKS,USAGE_FEE_ID
COUPONLINK_COUPON_ADMINS,COUPON_ADMINISTRATOR_ID
COUPONLINK_COUPON_ADMINS,COUPONLINK_ID
COUPONLINKS,ACTIVITY_ID
COUPONLINKS,COMPANY_ID
COUPONLINKS,COUPON_ID
COUPONLINKS,CUSTOMER_ID
COUPONLINKS,CUSTOMERTYPE_ID
COUPONLINKS,GLACCOUNT_ID
COUPONLINKS,PACKAGE_ID
COUPONLINKS,PACKAGECATEGORY_ID
COUPONLINKS,POSPRODUCT_ID
COUPONLINKS,PRODUCTCLASS_ID
COUPONLINKS,PRODUCTDEPARTMENT_ID
COUPONLINKS,PRODUCTSUBCLASS_ID
COUPONLINKS,RG_CATEGORY_ID
COUPONLINKS,SEASON_ID
COUPONLINKS,USAGE_FEE_ID
COUPONS,CHARGE_ID
COUPONS,COUPON_CATEGORY_ID
COUPONS,COUPON_CONTRACT_ID
COUPONS,COUPONBATCH_ID
COUPONS,GLACCOUNT_ID
COUPONSTATISTICS,COUPON_ID
CREDITCARD_UPDATES,COMPANY_ID
CREDITCARD_UPDATES,CUSTOMER_ID
CREDITCARDS,CARDTYPE_ID
CREDITCARDS,COMPANY_ID
CREDITCARDS,CUSTOMER_ID
CREDITCARDS_ARCHIVE,CARDTYPE_ID
CREDITCARDS_ARCHIVE,COMPANY_ID
CREDITCARDS_ARCHIVE,CUSTOMER_ID
CUST_COMP_LINK,COMPANY_ID
CUST_COMP_LINK,CONTACTTYPE_ID
CUST_COMP_LINK,CUSTOMER_ID
CUSTCONSOLIDATIONEXCLUDES,EXCLUDEDBYUSER_ID
CUSTCONSOLIDATIONEXCLUDES,HIGHERCUSTOMER_ID
CUSTCONSOLIDATIONEXCLUDES,LOWERCUSTOMER_ID
CUSTOMER_ALTERNATE_KEYS,ALTERNATEKEYSTATUS_ID
CUSTOMER_ALTERNATE_KEYS,ALTERNATEKEYTYPE_ID
CUSTOMER_ALTERNATE_KEYS,CUSTOMER_ID
CUSTOMER_AWARDS,AWARD_CODE_COMBINATION_ID
CUSTOMER_AWARDS,AWARD_ID
CUSTOMER_AWARDS,CUSTOMER_ID
CUSTOMER_AWARDS,SEASON_ID
CUSTOMER_COUPON_USAGE,COUPON_ID
CUSTOMER_COUPON_USAGE,CUSTOMER_ID
CUSTOMER_DEMOGRAPHICS,CUSTOMER_ID
CUSTOMER_DEMOGRAPHICS,DEMOGRAPHIC_ID
CUSTOMER_MAIL,CUSTOMER_ID
CUSTOMER_MAIL,MAILINGLIST_ID
CUSTOMER_MEMBERSHIP_DATES,CUSTOMER_ID
CUSTOMER_MEMBERSHIP_DATES,MEMBERSHIP_ID
CUSTOMER_MEMBERSHIP_DATES,PACKAGE_ID
CUSTOMER_MEMBERSHIP_DATES,TERMINATION_TRANSACTION_ID
CUSTOMER_SUBSCRIPTIONLIST,CUSTOMER_ID
CUSTOMER_SUBSCRIPTIONLIST,PENDINGCUSTOMER_ID
CUSTOMER_SUBSCRIPTIONLIST,SUBSCRIPTIONLIST_ID
CUSTOMER_THIRD_PARTY_BILLINGS,COMPANY_ID
CUSTOMER_THIRD_PARTY_BILLINGS,CUSTOMER_ID
CUSTOMER_TRANSFER_EDUCATION_UNITS,CUSTOMER_ID
CUSTOMERACCOUNTS,COMPANY_ID
CUSTOMERACCOUNTS,CUSTOMER_ID
CUSTOMERACCOUNTS,RECEIPTHEADER_ID
CUSTOMERACCOUNTS,RECEIPTPAYMENT_ID
CUSTOMERACCOUNTS,SITE_ID
CUSTOMERACCOUNTS,STATION_ID
CUSTOMERACCOUNTS,SYSTEMUSER_ID
CUSTOMERCUSTOM_QUESTION_GROUPS,CUSTOM_QUESTION_GROUP_ID
CUSTOMERCUSTOM_QUESTION_GROUPS,CUSTOMER_ID
CUSTOMERCUSTOMQUESTIONS,CUSTOMER_ID
CUSTOMERCUSTOMQUESTIONS,CUSTOMQUESTION_ID
CUSTOMERLOG,BULKEMAILTASK_ID
CUSTOMERLOG,CUSTOMER_ID
CUSTOMERLOG,NOTE_ALERT_TYPE_ID
CUSTOMERLOG,SITE_ID
CUSTOMERLOG,SYSTEMUSER_ID
CUSTOMERLOG,WORKSTATION_ID
CUSTOMERLOGINS,CUSTOMER_ID
CUSTOMERLOGINS,PENDINGCUSTOMER_ID
CUSTOMERLOGUSERS,CUSTOMERLOG_ID
CUSTOMERLOGUSERS,SYSTEMUSER_ID
CUSTOMERS,AGE_CATEGORY_ID
CUSTOMERS,CUSTOMER_TITLE_ID
CUSTOMERS,CUSTOMERTYPE_ID
CUSTOMERS,GEOGRAPHIC_AREA_ID
CUSTOMERS,HUMAN_RESOURCE_ID
CUSTOMERS,LASTPAYEE_ID
CUSTOMERS,OCCUPATION_ID
CUSTOMERS,SITE_ID
CUSTOMERSCHOLARSHIP,CHARGE_ID
CUSTOMERSCHOLARSHIP,CUSTOMER_ID
CUSTOMERSCHOLARSHIP,FAMILY_ID
CUSTOMERSCHOLARSHIP,RECEIPTDETAIL_ID
CUSTOMERSCHOLARSHIP,RECEIPTPAYMENT_ID
CUSTOMERSCHOLARSHIP,SCHOLARSHIP_APPLICATION_ID
CUSTOMERSCHOLARSHIP,SITE_ID
CUSTOMERSCHOLARSHIP,STATION_ID
CUSTOMERSCHOLARSHIP,SYSTEMUSER_ID
CUSTOMERSCHOLARSHIPAPPLICATION,CUSTOMER_ID
CUSTOMERSCHOLARSHIPAPPLICATION,SCHOLARSHIP_APPLICATION_ID
CUSTOMERSCHOLARSHIPDISCOUNT,CHARGE_ID
CUSTOMERSCHOLARSHIPDISCOUNT,CUSTOMER_ID
CUSTOMERSCHOLARSHIPDISCOUNT,FAMILY_ID
CUSTOMERSCHOLARSHIPRESTRICTION,ACTIVITY_ID
CUSTOMERSCHOLARSHIPRESTRICTION,CHARGE_ID
CUSTOMERSCHOLARSHIPRESTRICTION,CUSTOMER_ID
CUSTOMERSCHOLARSHIPRESTRICTION,DCPROGRAM_ID
CUSTOMERSCHOLARSHIPRESTRICTION,FAMILY_ID
CUSTOMERSCHOLARSHIPRESTRICTION,PACKAGE_ID
CUSTOMERSKILL,CUSTOMER_ID
CUSTOMERSKILL,EVALUATOR_ID
CUSTOMERSKILL,SKILL_ID
CUSTOMIZED_PAYMENT_TYPES,GL_ACCOUNT_ID
CUSTOMLISTINCLUDES,CUSTOMER_ID
CUSTOMLISTINCLUDES,REPORT_DEFINITION_ID
CUSTOMQUESTIONANSWERS,CUSTOMER_DEMOGRAPHICS_ID
CUSTOMQUESTIONANSWERS,CUSTOMER_ID
CUSTOMQUESTIONANSWERS,CUSTOMQUESTION_ID
CUSTOMQUESTIONANSWERS,FAMILY_ID
CUSTOMQUESTIONANSWERS,PARENT_CUSTOMQUESTION_ID
CUSTOMQUESTIONANSWERS,PENDINGCUSTOMER_ID
CUSTOMQUESTIONANSWERS,SCHOLARSHIP_APPLICATION_ID
CUSTOMQUESTIONANSWERS,TEAM_ID
CUSTOMQUESTIONANSWERS,TRANSACTION_ID
CUSTOMQUESTIONS,CUSTOM_QUESTION_TYPE_ID
DASHBOARD_ASSIGNMENTS,DASHBOARD_ID
DASHBOARD_ITEMS,WIDGET_ID
DASHBOARD_WIDGETS,DASHBOARD_ID
DAYCARELOGS,DCPROGRAM_ID
DAYCARELOGS,SYSTEMUSER_ID
DC_PENDING_REGISTRATIONS,DCSESSION_ID
DC_PENDING_REGISTRATIONS,DCSESSIONDATE_ID
DC_PENDING_REGISTRATIONS,WORKSTATION_ID
DCPICKUPAUTHORIZATIONS,CHILDCUSTOMER_ID
DCPICKUPAUTHORIZATIONS,PICKUPCUSTOMER_ID
DCPROGRAM_MAIL,DCPROGRAM_ID
DCPROGRAM_MAIL,MAILINGLIST_ID
DCPROGRAM_PASSFAIL,CUSTOMER_ID
DCPROGRAM_PASSFAIL,DCPROGRAM_ID
DCPROGRAM_PASSFAIL,SYSTEMUSER_ID
DCPROGRAMCUSTOM_QUESTION_GROUPS,CUSTOM_QUESTION_GROUP_ID
DCPROGRAMCUSTOM_QUESTION_GROUPS,DCPROGRAM_ID
DCPROGRAMCUSTOMQUESTIONS,CUSTOMQUESTION_ID
DCPROGRAMCUSTOMQUESTIONS,DCPROGRAM_ID
DCPROGRAMFEEPACKAGES,DCPROGRAM_FEE_ID
DCPROGRAMFEEPACKAGES,PACKAGE_CATEGORY_ID
DCPROGRAMFEEPACKAGES,PACKAGE_ID
DCPROGRAMFEES,CHARGE_ID
DCPROGRAMFEES,CUSTOMERTYPE_ID
DCPROGRAMFEES,DCPROGRAM_ID
DCPROGRAMFEES,GLACCOUNT_ID
DCPROGRAMFEES,QUALIFIED_DC_SESSION_ID
DCPROGRAMFEES,SYSTEM_GL_ACCOUNT_PACKAGE_ID
DCPROGRAMS,CHILD_SEASON_ID
DCPROGRAMS,DC_DEPARTMENT_ID
DCPROGRAMS,FEE_CONTRACT_ID
DCPROGRAMS,MAX_GRADE_ID
DCPROGRAMS,MIN_GRADE_ID
DCPROGRAMS,PREPAYMENT_GL_ACCOUNT_ID
DCPROGRAMS,PROGRAMTYPE_ID
DCPROGRAMS,RG_CATEGORY_ID
DCPROGRAMS,RG_SUB_CATEGORY_ID
DCPROGRAMS,RISK_CATEGORY_ID
DCPROGRAMS,SEASON_ID
DCPROGRAMS,SITE_ID
DCPROGRAMS,STAFF_FEE_CONTRACT_ID
DCPROGRAMS,SUPERVISOR_ID
DCPROGRAMSESSIONS,DCPROGRAM_ID
DCPROGRAMSESSIONS,DCSESSION_ID
DCPROGRAMSKILLS,DCPROGRAM_ID
DCPROGRAMSKILLS,SKILL_ID
DCREGISTRATIONCHANGES,DCREGISTRATION_ID
DCREGISTRATIONCHANGES,TRANSACTION_ID
DCREGISTRATIONS,CHECKINSYSTEMUSER_ID
DCREGISTRATIONS,CHECKOUTSYSTEMUSER_ID
DCREGISTRATIONS,CUSTOMER_ID
DCREGISTRATIONS,DCPROGRAM_ID
DCREGISTRATIONS,DCSESSION_ID
DCREGISTRATIONS,DCSESSIONDATE_ID
DCREGISTRATIONS,LASTTRANSACTION_ID
DCREGISTRATIONS,PICKUPCUSTOMER_ID
DCSESSIONDATES,DCSESSION_ID
DCSESSIONDATES,FACILITY_ID
DCSESSIONDATES,FACILITY_SCHEDULE_ID
DCSESSIONINSTRUCTORS,DCSESSION_ID
DCSESSIONINSTRUCTORS,INSTRUCTOR_ID
DCSESSIONS,FACILITY_ID
DCSESSIONS,PROGRAMTYPE_ID
DCSESSIONS,SITE_ID
DEFERRED_REVENUE_PROJECTIONS,FISCALPERIOD_ID
DEFERRED_REVENUE_PROJECTIONS,GL_LEDGER_ID
DEFERRED_REVENUE_PROJECTIONS,RECEIPTDETAIL_ID
DEFERRED_REVENUE_PROJECTIONS,REVENUE_GLACCOUNT_ID
DELAYEDREFUNDS,COMPANY_ID
DELAYEDREFUNDS,CUSTOMER_ID
DELAYEDREFUNDS,REASON_ID
DELAYEDREFUNDS,STATION_ID
DELAYEDREFUNDS,SYSTEM_USER_ID
DELAYEDREFUNDS,TRANSACTION_ID
DELAYREFUNDOVERRIDES,DELAYED_REFUND_ID
DELAYREFUNDOVERRIDES,OVERRIDE_SYSTEMUSER_ID
DISCLAIMERS,SITE_ID
DISCOUNTDEPENDENCIES,CHARGE_BACK_TRANSACTION_ID
DISCOUNTDEPENDENCIES,RECEIPT_DETAIL_ID
DISCOUNTDEPENDENCYLINKS,DISCOUNT_DEPENDENCY_ID
DISCOUNTDEPENDENCYLINKS,REFUND_TRANSACTION_ID
DISCOUNTDEPENDENCYLINKS,TRANSACTION_ID
DONATION_AMOUNTS,CAMPAIGN_ID
ENTRY_COUPON_PENDING_ADDS,COUPON_ID
ENTRY_COUPON_PENDING_ADDS,CUSTOMER_ID
ENTRY_COUPON_PENDING_ADDS,SYSTEMUSAGELOG_ID
ENTRY_CUSTOMER_COUPON_USAGE_PENDING_ADDS,CUSTOMER_COUPON_USAGE_ID
ENTRY_CUSTOMER_COUPON_USAGE_PENDING_ADDS,SYSTEMUSAGELOG_ID
ENTRY_PENDING_ADDS,ACTIVITY_ID
ENTRY_PENDING_ADDS,CUSTOMER_ID
ENTRY_PENDING_ADDS,SYSTEM_USAGE_LOG_ID
ENTRY_POINT_LOGIN_SESSION_IDS,ENTRY_POINT_ID
ENTRY_POINT_OPENING_TIMES,ENTRYPOINT_ID
ENTRY_POINTS,AUTO_CHECK_OUT_ENTRY_POINT_ID
ENTRY_POINTS,FACILITY_ID
ENTRY_PRIVATE_LESSON_GROUP_PENDING_ADDS,PRIVATE_LESSON_GROUP_ID
ENTRY_PRIVATE_LESSON_GROUP_PENDING_ADDS,SYSTEMUSAGELOG_ID
ENTRY_TRIAL_PENDING_ADDS,ACTIVITY_DATE_ID
ENTRY_TRIAL_PENDING_ADDS,SYSTEMUSAGELOG_ID
EQUIPMENTLENDINGTRANSACTIONS,EQUIPMENT_ID
EQUIPMENTLENDINGTRANSACTIONS,ROOT_ID
EQUIPMENTLENDINGTRANSACTIONS,VOIDEDBY
EQUIVALENT_ACTIVITIES,RELATED_TO_ALL_CHAIN_ACTIVITY_ID
EQUIVALENT_ACTIVITIES,SOURCE_ACTIVITY_ID
EQUIVALENT_ACTIVITIES,TARGET_ACTIVITY_ID
EVENTTYPE_FACILITY,EVENTTYPE_ID
EVENTTYPE_FACILITY,FACILITY_ID
EVENTTYPE_FACILITYTYPE,EVENTTYPE_ID
EVENTTYPE_FACILITYTYPE,FACILITYTYPE_ID
EVENTTYPECUSTOM_QUESTION_GROUPS,CUSTOM_QUESTION_GROUP_ID
EVENTTYPECUSTOM_QUESTION_GROUPS,EVENTTYPE_ID
EVENTTYPECUSTOMQUESTIONS,CUSTOMQUESTION_ID
EVENTTYPECUSTOMQUESTIONS,EVENTTYPE_ID
EVENTTYPES,PREPCODE_ID
EVENTTYPES,SCHEDULETYPE_ID
EVENTTYPES,SITE_ID
EXPENSE_ATTENDANCES,ACTIVITYATTENDANCE_ID
EXPENSE_ATTENDANCES,EXPENSE_ID
EXPENSE_BATCHES,SITE_ID
EXPENSE_BATCHES,SYSTEMUSER_ID
EXPENSES,ACTIVITY_ATTENDANCE_ID
EXPENSES,ACTIVITY_ID
EXPENSES,APPROVED_BY
EXPENSES,COMPANY_ID
EXPENSES,CUSTOMER_ID
EXPENSES,EXPENSE_BATCH_ID
EXPENSES,EXPENSE_OFFSET_GL_ACCOUNT_ID
EXPENSES,GLACCOUNT_ID
EXPENSES,INSTRUCTOR_ID
EXPENSES,INSTRUCTOR_ROLE_ID
EXPENSES,INSTRUCTOR_SCHEDULE_DETAIL_ID
EXPENSES,INSTRUCTOR_TIMESHEET_ENTRY_ID
EXPENSES,ORGANIZATION_DEPARTMENT_ID
EXPENSES,PAYROLL_PERIOD_ID
EXPENSES,PERMIT_ID
EXPENSES,PRIVATE_LESSON_GROUP_ID
EXPENSES,SITE_ID
EXPENSES,SYSTEMUSER_ID
EXPENSES,TAX1_OFFSET_GL_ACCOUNT_ID
EXPENSES,TAX2_OFFSET_GL_ACCOUNT_ID
EXPENSES,TAX3_OFFSET_GL_ACCOUNT_ID
EXPENSES,TAX4_OFFSET_GL_ACCOUNT_ID
EXPENSES,TAX5_OFFSET_GL_ACCOUNT_ID
EXPENSES,TAX6_OFFSET_GL_ACCOUNT_ID
EXPENSES,TAX7_OFFSET_GL_ACCOUNT_ID
EXPENSES,TAX8_OFFSET_GL_ACCOUNT_ID
EXPENSES,TAXGLACCOUNTID1
EXPENSES,TAXGLACCOUNTID2
EXPENSES,TAXGLACCOUNTID3
EXPENSES,TAXGLACCOUNTID4
EXPENSES,TAXGLACCOUNTID5
EXPENSES,TAXGLACCOUNTID6
EXPENSES,TAXGLACCOUNTID7
EXPENSES,TAXGLACCOUNTID8
EXPENSES,WORKSTATION_ID
EXPORTTEMPLATEDETAILS,CUSTOMQUESTION_ID
EXPORTTEMPLATEDETAILS,EXPORTTEMPLATEHEADER_ID
EXPORTTRANSLATIONRULES,EXPORTTEMPLATEDETAIL_ID
EXTRABOOKINGFEEDATETIMES,RECEIPTDETAIL_ID
EXTRADETAILS,ATTACHEDUPLOADEDFILE_ID
EXTRADETAILS,EXTRADETAILMASTER_ID
EXTRADETAILS,UPLOADEDFILE_ID
FAC_RES_EVT_LINK,EVENTTYPE_ID
FAC_RES_EVT_LINK,FACILITY_RESTRICTION_ID
FACILITIES,CENTER_ID
FACILITIES,CHECKINPOSPRODUCT_ID
FACILITIES,CHECKOUTPOSPRODUCT_ID
FACILITIES,DISCLAIMER_ID
FACILITIES,FACILITYTYPE_ID
FACILITIES,PREPCODE_ID
FACILITIES,SYSTEMUSER_ID
FACILITY_CATEGORIES,SITE_ID
FACILITY_LINKED_EQUIPMENT,EQUIPMENT_SCHEDULE_ID
FACILITY_LINKED_EQUIPMENT,FACILITY_SCHEDULE_ID
FACILITY_MAIL,FACILITY_ID
FACILITY_MAIL,MAILINGLIST_ID
FACILITY_PACKAGE_TYPES,FACILITY_PACKAGE_ID
FACILITY_PACKAGE_TYPES,FACILITY_TYPE_ID
FACILITY_PACKAGES,FACILITY_CATEGORY_ID
FACILITY_RESTRICTIONS,EVENTTYPE_ID
FACILITY_RESTRICTIONS,FACILITY_ID
FACILITY_RESTRICTIONS,FACILITYTYPE_ID
FACILITY_SCHEDULE_CHECKINOUT,FACILITY_SCHEDULE_ID
FACILITY_SCHEDULES,ACTIVITY_ID
FACILITY_SCHEDULES,CHECKOUTCUSTOMER_ID
FACILITY_SCHEDULES,DCSESSION_ID
FACILITY_SCHEDULES,ENROLLMENT_PENDING_ADDS_PK
FACILITY_SCHEDULES,FACILITY_ID
FACILITY_SCHEDULES,HOLD_HUMAN_RESOURCE_CUSTOMER_ID
FACILITY_SCHEDULES,HOLDUSERID
FACILITY_SCHEDULES,HUMAN_RESOURCE_DEFAULT_FACILITY_ID
FACILITY_SCHEDULES,LEAGUESCHEDULE_ID
FACILITY_SCHEDULES,PARENT_FACILITY_SCHEDULE_ID
FACILITY_SCHEDULES,PERMIT_ID
FACILITY_SCHEDULES,PRIVATE_LESSON_GROUP_ID
FACILITY_SCHEDULES,RESCHEDULED_FACILITY_SCHEDULE_ID
FACILITY_SCHEDULES,SITE_ID
FACILITY_SCHEDULES,STATION_ID
FACILITY_SCHEDULES,SYSTEMUSER_ID
FACILITY_SCHEDULES,TRANSACTION_ID
FACILITY_TYPE_DATE_RANGES,FACILITYTYPE_ID
FACILITY_TYPE_DATE_RANGES,RESERVATION_DATE_RANGE_ID
FACILITYEVENTCAPACITY,EVENTTYPE_ID
FACILITYEVENTCAPACITY,FACILITY_ID
FACILITYGROUP_PACKAGES,FACILITY_PACKAGE_ID
FACILITYGROUP_PACKAGES,FACILITYGROUP_ID
FACILITYGROUPFACILITIES,FACILITY_ID
FACILITYGROUPFACILITIES,FACILITYGROUP_ID
FACILITYGROUPS,CENTER_ID
FACILITYGROUPS,CUSTOMERTYPE_ID
FACILITYGROUPS,EVENTTYPE_ID
FACILITYGROUPS,SCHEDULETYPE_ID
FACILITYGROUPS,SITE_ID
FACILITYHOURS,FACILITY_ID
FACILITYKEYWORDS,FACILITY_ID
FACILITYKEYWORDS,KEYWORD_ID
FACILITYLOGS,FACILITY_ID
FACILITYLOGS,SYSTEMUSER_ID
FACILITYOPENINGTIME,FACILITY_ID
FACILITYOPENINGTIME,FACILITYHOUR_ID
FACILITYOVERLAPROLLUP,OVERLAPFACILITY_ID
FACILITYOVERLAPROLLUP,REALFACILITY_ID
FACILITYOVERLAPS,CHILDFACILITY_ID
FACILITYOVERLAPS,FACILITY_ID
FACILITYPREREQUISITES,ALTERNATEKEYTYPE_ID
FACILITYPREREQUISITES,FACILITY_ID
FACILITYPREREQUISITES,PREREQUISITE_PACKAGE_ID
FACILITYPREREQUISITESALTKEYSTATUS,ALTERNATEKEYSTATUS_ID
FACILITYPREREQUISITESALTKEYSTATUS,FACILITY_PREREQUISITE_ID
FACILITYRENTALBLOCKS,ACTIVITY_ID
FACILITYRENTALBLOCKS,FACILITY_ID
FACILITYTYPES,AVAILABLE_ICON_UPLOADEDFILE_ID
FACILITYTYPES,BOOKED_ICON_UPLOADEDFILE_ID
FACILITYTYPES,CLOSED_ICON_UPLOADEDFILE_ID
FACILITYTYPES,EVENTTYPE_ID
FACILITYTYPES,FACILITY_CATEGORY_ID
FACILITYTYPES,SITE_ID
FACILITYUSERS,FACILITY_ID
FACILITYUSERS,SYSTEMUSER_ID
FACILITYWAITINGLIST,CUSTOMER_ID
FACILITYWAITINGLIST,SITE_ID
FACILITYWAITINGLIST,SYSTEMUSER_ID
FAMILYMEMBERS,CUSTOMER_ID
FAMILYMEMBERS,FAMILY_ID
FAMILYMEMBERS,FAMILYROLE_ID
FAMILYSCHOLARSHIPMEMBERS,CHARGE_ID
FAMILYSCHOLARSHIPMEMBERS,CUSTOMER_ID
FAMILYSCHOLARSHIPMEMBERS,CUSTOMERSCHOLARSHIP_ID
FAMILYSCHOLARSHIPMEMBERS,FAMILY_ID
FAVORITEITEM_PROFILES,FAVORITEITEM_ID
FAVORITEITEM_PROFILES,PROFILE_ID
FAVORITEITEMS,SYSTEMUSER_ID
FEECONTRACT_CUST_TYPES,CUSTOMERTYPE_ID
FEECONTRACT_CUST_TYPES,FEE_CONTRACT_ID
FEECONTRACT_PACKAGES,FEE_CONTRACT_ID
FEECONTRACT_PACKAGES,PACKAGE_ID
FEECONTRACTS,DEFAULT_PUBLIC_ACTIVITY_FEE_CONTRACT_ID
FEECONTRACTS,DEFAULT_PUBLIC_DAYCARE_FEE_CONTRACT_ID
FEECONTRACTS,DEFAULT_PUBLIC_DFLT_FEE_CONTRACT_ID
FEECONTRACTS,DEFAULT_PUBLIC_DONATION_FEE_CONTRACT_ID
FEECONTRACTS,DEFAULT_PUBLIC_MEMBERSHIP_FEE_CONTRACT_ID
FEECONTRACTS,DEFAULT_PUBLIC_POS_FEE_CONTRACT_ID
FEECONTRACTS,DEFAULT_STAFF_ACTIVITY_FEE_CONTRACT_ID
FEECONTRACTS,DEFAULT_STAFF_DAYCARE_FEE_CONTRACT_ID
FEECONTRACTS,DEFAULT_STAFF_DFLT_FEE_CONTRACT_ID
FEECONTRACTS,DEFAULT_STAFF_DONATION_FEE_CONTRACT_ID
FEECONTRACTS,DEFAULT_STAFF_MEMBERSHIP_FEE_CONTRACT_ID
FEECONTRACTS,DEFAULT_STAFF_POS_FEE_CONTRACT_ID
FEECONTRACTS,TRANSACTION_FEE_GLACCOUNT_ID
FILE_PERMIT,PERMIT_ID
FILE_PERMIT,UPLOADEDFILE_ID
FROMEMAILADDRESSES,SITE_ID
GIFT_CERTIFICATE_TYPE_SITES,GIFT_CERTIFICATE_TYPE_ID
GIFT_CERTIFICATE_TYPE_SITES,SITE_ID
GIFT_CERTIFICATE_TYPES,REVENUE_GLACCOUNT_ID
GIFT_CERTIFICATES,COMPANY_ID
GIFT_CERTIFICATES,CUSTOMER_ID
GIFT_CERTIFICATES,GIFT_CERTIFICATE_TYPE_ID
GIFT_CERTIFICATES,ISSUED_BY_USER_ID
GIFT_CERTIFICATES,LIABILITY_GL_ACCOUNT_ID
GIFT_CERTIFICATES,WORKSTATION_ID
GIFTCERTIFICATETYPELOGS,GIFT_CERTIFICATE_TYPE_ID
GIFTCERTIFICATETYPELOGS,SYSTEMUSER_ID
GL_LEDGER,ARSCHEDULEHEADER_ID
GL_LEDGER,ARTRANSACTION_ID
GL_LEDGER,EXPENSEDETAIL_ID
GL_LEDGER,GLACCOUNT_ID
GL_LEDGER,RECEIPTDETAIL_ID
GL_LEDGER,RECEIPTPAYMENT_ID
GL_LEDGER,SITE_ID
GL_LEDGER,STATION_ID
GL_LEDGER,SYSTEMUSER_ID
GL_LEDGER_LOG,GL_LEDGER_ID
GLACCOUNTS,DEPARTMENT_ID
GLACCOUNTS,SITE_ID
GLOBALDISCOUNTLINKS,ACTIVITY_CATEGORY_ID
GLOBALDISCOUNTLINKS,ACTIVITY_DEPARTMENT_ID
GLOBALDISCOUNTLINKS,ACTIVITY_FEES_ID
GLOBALDISCOUNTLINKS,ACTIVITY_ID
GLOBALDISCOUNTLINKS,ALTERNATEKEYSTATUS_ID
GLOBALDISCOUNTLINKS,ALTERNATEKEYTYPE_ID
GLOBALDISCOUNTLINKS,CHARGE_ID
GLOBALDISCOUNTLINKS,CHILD_SEASON_ID
GLOBALDISCOUNTLINKS,CUSTOMER_ID
GLOBALDISCOUNTLINKS,CUSTOMERSCHOLARSHIP_ID
GLOBALDISCOUNTLINKS,DCPROGRAM_ID
GLOBALDISCOUNTLINKS,DCPROGRAMFEE_ID
GLOBALDISCOUNTLINKS,GLOBAL_DISCOUNT_ID
GLOBALDISCOUNTLINKS,MEMBER_PREFILL_PACKAGE_CATEGORY_ID
GLOBALDISCOUNTLINKS,MEMBER_PREFILL_PACKAGE_ID
GLOBALDISCOUNTLINKS,PACKAGE_ID
GLOBALDISCOUNTLINKS,PACKAGECATEGORY_ID
GLOBALDISCOUNTLINKS,PACKAGEFEE_ID
GLOBALDISCOUNTLINKS,PROGRAM_TYPE_ID
GLOBALDISCOUNTLINKS,RG_SUB_CATEGORY_ID
GLOBALDISCOUNTLINKS,SEASON_ID
GLOBALDISCOUNTLINKS,STANDARDCHARGES_ID
GLOBALDISCOUNTS,CHARGE_ID
GLOBALDISCOUNTS,GLACCOUNT_ID
GROSSPAYEXPORTBATCHES,SITE_ID
GROUPCUSTOMQUESTIONS,CUSTOM_QUESTION_GROUP_ID
GROUPCUSTOMQUESTIONS,CUSTOMQUESTION_ID
HOLIDAYRATE_CENTER,CENTER_ID
HOLIDAYRATE_CENTER,HOLIDAYRATE_ID
HOLIDAYRATE_FACILITY,FACILITY_ID
HOLIDAYRATE_FACILITY,HOLIDAYRATE_ID
HOLIDAYRATES,SITE_ID
HST_ADJUSTMENTS,ADJUSTMENT_RECEIPTHEADER_ID
HST_ADJUSTMENTS,RECEIPTHEADER_ID
HUMAN_RESOURCE_DEFAULT_FACILITIES,CHILD_SEASON_ID
HUMAN_RESOURCE_DEFAULT_FACILITIES,CUSTOMER_ID
HUMAN_RESOURCE_DEFAULT_FACILITIES,FACILITY_ID
HUMAN_RESOURCE_DEFAULT_FACILITIES,PARENT_SEASON_ID
ICONSETS,AVAILABLE_ICON_UPLOADEDFILE_ID
ICONSETS,BOOKED_ICON_UPLOADEDFILE_ID
ICONSETS,CLOSED_ICON_UPLOADEDFILE_ID
ICVERIFYLOG,ARSCHEDULEHEADER_ID
ICVERIFYLOG,CAMPAIGN_DONATION_ID
ICVERIFYLOG,COMPANY_ID
ICVERIFYLOG,CUSTOMER_ID
ICVERIFYLOG,MEMBERSHIP_ID
ICVERIFYLOG,RECEIPTHEADER_ID
ICVERIFYLOG,SITE_ID
ICVERIFYLOG,STATION_ID
ICVERIFYLOG,SYSTEMUSER_ID
INSTRUCTOR_ACTIVITY_TYPES,ACTIVITY_TYPE_ID
INSTRUCTOR_ACTIVITY_TYPES,INSTRUCTOR_ID
INSTRUCTOR_PAYROLLS,ACTIVITY_DEPARTMENT_ID
INSTRUCTOR_PAYROLLS,ACTIVITY_TYPE_ID
INSTRUCTOR_PAYROLLS,CHILD_SEASON_ID
INSTRUCTOR_PAYROLLS,INSTRUCTOR_ID
INSTRUCTOR_PAYROLLS,INSTRUCTOR_ROLE_ID
INSTRUCTOR_PAYROLLS,RG_CATEGORY_ID
INSTRUCTOR_PAYROLLS,RG_SUB_CATEGORY_ID
INSTRUCTOR_PAYROLLS,SEASON_ID
INSTRUCTOR_RESERVE_PAYROLLS,DEPARTMENT_ID
INSTRUCTOR_RESERVE_PAYROLLS,EXPENSE_GL_ACCOUNT_ID
INSTRUCTOR_RESERVE_PAYROLLS,EXPENSE_OFFSET_GL_ACCOUNT_ID
INSTRUCTOR_RESERVE_PAYROLLS,HUMAN_RESOURCE_ID
INSTRUCTOR_RESERVE_PAYROLLS,INSTRUCTOR_ROLE_ID
INSTRUCTOR_RESERVE_PAYROLLS,PERMIT_ID
INSTRUCTOR_ROLE_PAY_RATES,ACTIVITY_DEPARTMENT_ID
INSTRUCTOR_ROLE_PAY_RATES,ACTIVITY_TYPE_ID
INSTRUCTOR_ROLE_PAY_RATES,CHILD_SEASON_ID
INSTRUCTOR_ROLE_PAY_RATES,INSTRUCTOR_ROLE_ID
INSTRUCTOR_ROLE_PAY_RATES,RG_CATEGORY_ID
INSTRUCTOR_ROLE_PAY_RATES,RG_SUB_CATEGORY_ID
INSTRUCTOR_ROLE_PAY_RATES,SEASON_ID
INSTRUCTOR_SCHEDULE_DETAILS,INSTRUCTOR_SCHEDULE_HEADER_ID
INSTRUCTOR_SCHEDULE_DETAILS,PAYROLL_PERIOD_ID
INSTRUCTOR_SCHEDULE_HEADERS,INSTRUCTOR_TIMESHEET_ENTRY_ID
INSTRUCTOR_TIMESHEET_ENTRIES,ACTIVITY_DEPARTMENT_ID
INSTRUCTOR_TIMESHEET_ENTRIES,ACTIVITY_ID
INSTRUCTOR_TIMESHEET_ENTRIES,ACTIVITY_TYPE_ID
INSTRUCTOR_TIMESHEET_ENTRIES,CHILD_SEASON_ID
INSTRUCTOR_TIMESHEET_ENTRIES,EXPENSE_GL_ACCOUNT_ID
INSTRUCTOR_TIMESHEET_ENTRIES,EXPENSE_OFFSET_GL_ACCOUNT_ID
INSTRUCTOR_TIMESHEET_ENTRIES,INSTRUCTOR_ID
INSTRUCTOR_TIMESHEET_ENTRIES,INSTRUCTOR_ROLE_ID
INSTRUCTOR_TIMESHEET_ENTRIES,PARENT_SEASON_ID
INSTRUCTOR_TIMESHEET_ENTRIES,RG_CATEGORY_ID
INSTRUCTOR_TIMESHEET_ENTRIES,RG_SUB_CATEGORY_ID
INSTRUCTOR_TIMESHEET_ENTRIES,SITE_ID
INSTRUCTOR_TIMESHEET_ENTRIES,TIMESHEET_ENTRY_TYPE_ID
INSTRUCTORLINKS,ACTIVITY_DEPARTMENT_ID
INSTRUCTORLINKS,ACTIVITY_ID
INSTRUCTORLINKS,ACTIVITY_TYPE_ID
INSTRUCTORLINKS,ACTIVITYSKILL_ID
INSTRUCTORLINKS,INSTRUCTOR_ID
INSTRUCTORLINKS,RG_CATEGORY_ID
INSTRUCTORLOG,INSTRUCTOR_ID
INSTRUCTORLOG,SYSTEMUSER_ID
INSTRUCTORS,COMPANY_ID
INSTRUCTORS,CREATED_BY
INSTRUCTORS,CUSTOMER_ID
INSTRUCTORS,GEOGRAPHIC_AREA_ID
INSTRUCTORS,INSTRUCTORTYPE_ID
INSTRUCTORS,SITE_ID
INSTRUCTORSKILL,INSTRUCTOR_ID
INSTRUCTORSKILL,SKILL_ID
INSTRUCTORTYPES,SITE_ID
INTERACTIVE_MAP_GRAPHICAL_ELEMENTS,ELE_INTERACTIVE_MAP_ID
INTERACTIVE_MAP_GRAPHICAL_ELEMENTS,FACILITY_ID
INTERACTIVE_MAP_GRAPHICAL_ELEMENTS,INTERACTIVE_MAP_ID
INTERACTIVE_MAP_GRAPHICAL_ELEMENTS,LOCKERGROUP_ID
INTERACTIVE_MAPS,CENTER_ID
INTERACTIVE_MAPS,ICON_UPLOADEDFILE_ID
INTERACTIVE_MAPS,MAP_GRAPH_UPLOADEDFILE_ID
KEYWORDSITES,KEYWORD_ID
KEYWORDSITES,SITE_ID
LEAGUECONTACTS,COMPANY_ID
LEAGUECONTACTS,CONTACTTYPE_ID
LEAGUECONTACTS,CUSTOMER_ID
LEAGUECONTACTS,LEAGUE_ID
LEAGUEFACILITIES,FACILITY_ID
LEAGUEFACILITIES,LEAGUE_ID
LEAGUENOPLAYDATES,LEAGUE_ID
LEAGUEOFFICIALS,LEAGUE_ID
LEAGUEOFFICIALS,OFFICIAL_ID
LEAGUES,ACTIVITY_ID
LEAGUES,LEAGUETYPE_ID
LEAGUES,PARENT_ID
LEAGUES,RANKING_SYSTEM_ID
LEAGUES,SITE_ID
LEAGUESCHEDULEFACILITIES,FACILITY_ID
LEAGUESCHEDULEFACILITIES,LEAGUESCHEDULE_ID
LEAGUESCHEDULEOFFICIALS,LEAGUESCHEDULE_ID
LEAGUESCHEDULEOFFICIALS,OFFICIAL_ID
LEAGUESCHEDULEPAIRINGS,AWAYTEAM_ID
LEAGUESCHEDULEPAIRINGS,FACILITY_ID
LEAGUESCHEDULEPAIRINGS,FACILITYSCHEDULE_ID
LEAGUESCHEDULEPAIRINGS,HOMETEAM_ID
LEAGUESCHEDULEPAIRINGS,LEAGUESCHEDULE_ID
LEAGUESCHEDULEPAIRINGS,POSTPONEREASON_ID
LEAGUESCHEDULES,LEAGUE_ID
LEAGUESCHEDULETIMESLOTS,FACILITY_ID
LEAGUESCHEDULETIMESLOTS,LS_TIMESLOT_CONFIG_ID
LINK_THIRD_PARTY_BILLINGS,ARTRANSACTION_ID
LINK_THIRD_PARTY_BILLINGS,CUSTOMER_THIRD_PARTY_BILLING_ID
LINK_THIRD_PARTY_BILLINGS,WORKSTATION_ID
LINKEDCREDITS,ARSCHEDULEHEADER_ID
LINKEDCREDITS,ARTRANSACTION_ID
LINKEDCREDITS,COMPANY_ID
LINKEDCREDITS,CUSTOMER_ID
LINKEDCREDITS,CUSTOMERACCOUNT_ID
LINKEDCREDITS,SYSTEMUSER_ID
LINKEDCREDITS,UNLINKED_BY
LOCKER_BANKS,LOCKERGROUP_ID
LOCKER_BANKS,LOCKERSIZE_ID
LOCKER_DATE_RANGES,LOCKER_ID
LOCKER_DATE_RANGES,RESERVATION_DATE_RANGE_ID
LOCKER_GROUP_GRAPHICAL_ELEMENTS,LOCKER_BANK_ID
LOCKER_GROUP_GRAPHICAL_ELEMENTS,LOCKERGROUP_ID
LOCKER_SCHEDULES,LOCKER_ID
LOCKER_SCHEDULES,STATION_ID
LOCKER_SCHEDULES,SYSTEMUSER_ID
LOCKER_SCHEDULES,TRANSACTION_ID
LOCKERAMENDMENTSLOG,LOCKER_ID
LOCKERAMENDMENTSLOG,SYSTEMUSER_ID
LOCKERFEES,CHARGE_ID
LOCKERFEES,CUSTOMERTYPE_ID
LOCKERFEES,GLACCOUNT_ID
LOCKERFEES,LOCKERGROUP_ID
LOCKERFEES,LOCKERSIZE_ID
LOCKERGROUPS,CENTER_ID
LOCKERGROUPS,ICON_UPLOADEDFILE_ID
LOCKERS,COMBINATION_LOCK_ID
LOCKERS,LOCKER_BANK_ID
LOCKERS,LOCKERGROUP_ID
LOCKERS,LOCKERSIZE_ID
LOGONUUIDS,CUSTOMER_ID
LS_TIMESLOT_CONFIGS,LEAGUESCHEDULE_ID
LSPAIRINGOFFICIALS,LEAGUE_SCHEDULE_PAIRING_ID
LSPAIRINGOFFICIALS,OFFICIAL_ID
MAILINGLISTS,RG_CATEGORY_ID
MAILINGLISTS,RG_SUB_CATEGORY_ID
MAKEUPCLASS,ACTIVITY_ID
MAKEUPCLASSAUTHORIZED,ACTIVITY_DATE_ID
MAKEUPCLASSAUTHORIZED,ACTIVITY_ID
MAKEUPCLASSAUTHORIZED,CUSTOMER_ID
MAKEUPCLASSAUTHORIZED,INSTRUCTOR_ID
MAKEUPCLASSAUTHORIZED,MAKEUP_CLASS_ACTIVITY_DATE_ID
MAKEUPCLASSAUTHORIZED,MAKEUP_CLASS_ACTIVITY_ID
MAKEUPCLASSAUTHORIZED,TRANSACTION_ID
MAKEUPLESSONDATES,ACTIVITY_ID
MAKEUPLESSONDATES_CENTERS,CENTER_ID
MAKEUPLESSONDATES_CENTERS,MAKEUPLESSONDATES_ID
MAKEUPLESSONDATES_DEPARTMENTS,ACTIVITY_DEPARTMENT_ID
MAKEUPLESSONDATES_DEPARTMENTS,MAKEUPLESSONDATES_ID
MAKEUPLESSONDATES_SITES,MAKEUPLESSONDATES_ID
MAKEUPLESSONDATES_SITES,SITE_ID
MEMBERSHIP_PASSES,MEMBERSHIP_ID
MEMBERSHIP_PASSES,PASS_ID
MEMBERSHIP_SINCE_DATES,CUSTOMER_ID
MEMBERSHIP_SINCE_DATES,MEMBERSHIP_ID
MEMBERSHIP_SINCE_DATES,ORIGINAL_MEMBERSHIP_SINCE_DATE_ID
MEMBERSHIP_SINCE_DATES,PACKAGE_ID
MEMBERSHIP_SINCE_DATES,ROOT_MEMBERSHIP_SINCE_DATE_ID
MEMBERSHIP_SINCE_DATES,SYSTEMUSER_ID
MEMBERSHIP_SINCE_DATES,TRANSACTION_ID
MEMBERSHIP_USAGES,CUSTOMER_ID
MEMBERSHIP_USAGES,CUSTOMERALTERNATEKEY_ID
MEMBERSHIP_USAGES,ENTRYPOINT_ID
MEMBERSHIP_USAGES,MEMBERSHIP_ID
MEMBERSHIP_USAGES,PASS_ID
MEMBERSHIP_USAGES,POSPRODUCT_ID
MEMBERSHIP_USAGES,RECEIPTHEADER_ID
MEMBERSHIP_USAGES,VOIDEDTRANSACTIONID
MEMBERSHIPAUTORENEWAL,MEMBERSHIP_ID
MEMBERSHIPAUTORENEWAL,RECEIPTHEADER_ID
MEMBERSHIPPREREQUISITES,CURRENT_PACKAGE_ID
MEMBERSHIPPREREQUISITES,PACKAGE_CATEGORY_ID
MEMBERSHIPPREREQUISITES,PACKAGE_ID
MEMBERSHIPPREREQUISITES,PREVIOUS_PACKAGE_ID
MEMBERSHIPS,AUTO_RENEWAL_CANCEL_SYSTEM_USER_ID
MEMBERSHIPS,AUTORENEWALPAYER
MEMBERSHIPS,CANCEL_AUTO_RENEWAL_REASON_ID
MEMBERSHIPS,PACKAGE_ID
MEMBERSHIPS,PRIMARYMEMBERCUSTOMER_ID
MEMBERSHIPS,SAVED_CREDITCARD_ID
MEMBERSHIPS,SUSPENDED_REASON_ID
MESSAGEQUEUES,MESSAGE_ID
MESSAGEQUEUES,SYSTEMUSER_ID
MESSAGES,AUTHORSYSTEMUSER_ID
MULTIGLFEE,GLACCOUNT_ID
NEWSLETTER_OFFER_ORDER_PRODUCTS,NEWSLETTER_OFFER_ORDER_ID
NEWSLETTER_OFFER_ORDERS,CUSTOMER_ID
NEWSLETTER_OFFER_ORDERS,PENDINGCUSTOMER_ID
NEWSLETTER_OFFER_ORDERS,SYSTEMUSER_ID
OFFER_ORDER_PRODUCTS,OFFER_ORDER_ID
OFFER_ORDERS,CUSTOMER_ID
OFFER_ORDERS,FRN_ORDER_DETAIL_ID
OFFER_ORDERS,USER_ID
OFFICIALS,CUSTOMER_ID
OFFICIALS,SITE_ID
OFFICIALSKILL,OFFICIAL_ID
OFFICIALSKILL,SKILL_ID
ONLINE_CALENDARS,SITE_ID
OPTOUTHISTORY,BULKEMAILTASK_ID
OPTOUTHISTORY,CUSTOMER_ID
ORIGINALRECEIPTS,RECEIPTHEADER_ID
OVERRIDE_TRACKING,EQUIPMENTLENDINGTRANSACTION_ID
OVERRIDE_TRACKING,OVERRIDE_SYSTEMUSER_ID
OVERRIDE_TRACKING,TRANSACTION_ID
PACKAGE_ALTERNATE_KEY_STATUS,ALTERNATEKEYSTATUS_ID
PACKAGE_ALTERNATE_KEY_STATUS,PACKAGE_ID
PACKAGE_ALTERNATE_KEY_TYPE,ALTERNATEKEYTYPE_ID
PACKAGE_ALTERNATE_KEY_TYPE,PACKAGE_ID
PACKAGE_CAMPAIGNS,CAMPAIGN_ID
PACKAGE_CAMPAIGNS,PACKAGE_ID
PACKAGE_CUSTOM_QUESTION_GROUPS_RENEWAL,CUSTOM_QUESTION_GROUP_ID
PACKAGE_CUSTOM_QUESTION_GROUPS_RENEWAL,PACKAGE_ID
PACKAGE_CUSTOMQUESTIONS_RENEWAL,CUSTOMQUESTION_ID
PACKAGE_CUSTOMQUESTIONS_RENEWAL,PACKAGE_ID
PACKAGE_ENTRY_POINT_TIMES,PACKAGEENTRYPOINT_ID
PACKAGE_ENTRY_POINTS,ENTRYPOINT_ID
PACKAGE_ENTRY_POINTS,PACKAGE_ID
PACKAGE_FEES,CHARGE_ID
PACKAGE_FEES,CUSTOMERTYPE_ID
PACKAGE_FEES,GLACCOUNT_ID
PACKAGE_FEES,PACKAGE_ID
PACKAGE_FEES,SYSTEM_GL_ACCOUNT_PACKAGE_ID
PACKAGE_MAIL,MAILINGLIST_ID
PACKAGE_MAIL,PACKAGE_ID
PACKAGE_USAGE_FEE_PERIODS,PACKAGE_ID
PACKAGE_USAGE_FEE_PERIODS,USAGE_FEE_ID
PACKAGECUSTOM_QUESTION_GROUPS,CUSTOM_QUESTION_GROUP_ID
PACKAGECUSTOM_QUESTION_GROUPS,PACKAGE_ID
PACKAGECUSTOMQUESTIONS,CUSTOMQUESTION_ID
PACKAGECUSTOMQUESTIONS,PACKAGE_ID
PACKAGEFEEPACKAGES,PACKAGE_ID
PACKAGEFEEPACKAGES,PACKAGECATEGORY_ID
PACKAGEFEEPACKAGES,PACKAGEFEE_ID
PACKAGELOGS,PACKAGE_ID
PACKAGELOGS,SYSTEMUSER_ID
PACKAGES,FEE_CONTRACT_ID
PACKAGES,OVERRIDE_USAGE_DISCOUNT_CHARGE_ID
PACKAGES,OVERRIDE_USAGE_DISCOUNT_GL_ACCOUNT_ID
PACKAGES,OVERRIDE_USAGE_FEE_CHARGE_ID
PACKAGES,OVERRIDE_USAGE_FEE_GL_ACCOUNT_ID
PACKAGES,PACKAGECATEGORY_ID
PACKAGES,PASSLAYOUT_ID
PACKAGES,SITE_ID
PACKAGES,STAFF_FEE_CONTRACT_ID
PACKAGES,USAGE_FEE_ID
PAGE_HEADER_FOOTERS,SITE_ID
PASS_FAIL_IMPORT_DETAIL_LOG,PASS_FAIL_IMPORT_BATCH_LOG_ID
PASSES,CUSTOMER_ID
PASSES,PASSLAYOUT_ID
PASSES_PASSBATCHES,PASS_ID
PASSES_PASSBATCHES,PASSBATCH_ID
PASSLAYOUT_CUSTOMQUESTIONS,CUSTOMQUESTION_ID
PASSLAYOUT_CUSTOMQUESTIONS,PASSLAYOUT_ID
PASSLAYOUTS,BACKGROUNDFILE_ID
PASSLAYOUTS,LOGOFILE_ID
PAYMENTPLANCONFIG,ACTIVITY_ID
PAYMENTPLANCONFIG,CHARGE_ID
PAYMENTPLANCONFIG,CHILD_SEASON_ID
PAYMENTPLANCONFIG,CUSTOMERTYPE_ID
PAYMENTPLANCONFIG,GLACCOUNT_ID
PAYMENTPLANCONFIG,PACKAGE_ID
PAYMENTPLANCONFIG,SEASON_ID
PAYMENTPLANCONFIGSCHEDULES,PAYMENTPLAN_CONFIG_ID
PAYMENTPLANLINKS,COMPANY_ID
PAYMENTPLANLINKS,CUSTOMER_ID
PAYMENTPLANLINKS,CUSTOMERTYPE_ID
PAYMENTPLANLINKS,PAYMENTPLAN_CONFIG_ID
PAYPERIODS,SITE_ID
PAYROLL_PERIODS,CHILD_SEASON_ID
PAYROLL_PERIODS,PARENT_SEASON_ID
PAYROLL_PERIODS,SITE_ID
PEAK_LOAD_PERIODS,SYSTEMUSER_ID
PENDING_PUBLIC_ORDERS,CUSTOMER_ID
PENDING_PUBLIC_ORDERS,RECEIPTHEADER_ID
PENDINGADDS,ACTIVITY_ID
PENDINGADDS,CONTRACT_ID
PENDINGADDS,PRIVATE_LESSON_GROUP_ID
PENDINGADDS,WORKSTATION_ID
PENDINGCUSTOMERS,AGE_CATEGORY_ID
PENDINGCUSTOMERS,CUSTOMER_ID
PENDINGCUSTOMERS,CUSTOMER_TITLE_ID
PENDINGCUSTOMERS,CUSTOMERTYPE_ID
PENDINGCUSTOMERS,FAMILY_ID
PENDINGCUSTOMERS,GEOGRAPHIC_AREA_ID
PENDINGCUSTOMERS,OCCUPATION_ID
PENDINGCUSTOMERS,SITE_ID
PERMIT_DISCLAIMERS,DISCLAIMER_ID
PERMIT_DISCLAIMERS,PERMIT_ID
PERMITAMENDMENT,PERMIT_ID
PERMITCHANGES,PERMIT_ID
PERMITCHANGES,SITE_ID
PERMITCHANGES,STATION_ID
PERMITCHANGES,SYSTEMUSER_ID
PERMITCHANGES,TRANSACTION_ID
PERMITOTHERCONTACTS,CUSTOMER_ID
PERMITOTHERCONTACTS,PERMIT_ID
PERMITS,COMPANY_ID
PERMITS,CUSTOMER_ID
PERMITS,CUSTOMERTYPE_ID
PERMITS,DISCLAIMER_ID
PERMITS,ONLINE_CALENDAR_ID
PERMITS,PERMIT_ADMINISTRATOR
PERMITS,SITE_ID
PERMITS,STATION_ID
PERMITS,SYSTEMUSER_ID
PERMITUSERS,PERMIT_ID
PERMITUSERS,SYSTEMUSER_ID
PLAYERS,CUSTOMER_ID
PLAYERS,TEAM_ID
PLAYERS,TRANSACTION_ID
POPULATIONCONSOLIDATIONLOG,SYSTEMUSER_ID
POS_GROUP_PRODUCT_LINK,POSGROUP_ID
POS_GROUP_PRODUCT_LINK,POSPRODUCT_ID
POS_INVENTORY_ADJUST_LOG,POS_PRODUCT_ID
POS_INVENTORY_ADJUST_LOG,SYSTEM_USER_ID
POS_INVENTORY_TRANSFER_LOG,FROM_CENTER_ID
POS_INVENTORY_TRANSFER_LOG,FROM_SITE_ID
POS_INVENTORY_TRANSFER_LOG,POS_PRODUCT_ID
POS_INVENTORY_TRANSFER_LOG,SYSTEM_USER_ID
POS_INVENTORY_TRANSFER_LOG,TO_CENTER_ID
POS_INVENTORY_TRANSFER_LOG,TO_SITE_ID
POSDRAWERLOGS,SITE_ID
POSDRAWERLOGS,SYSTEMUSER_ID
POSDRAWERLOGS,WORKSTATION_ID
POSLAYOUTPROPERTIES,GROUP_ID
POSLAYOUTPROPERTIES,SITE_ID
POSMEMBERSHIPDISCOUNTLINKS,PACKAGE_ID
POSMEMBERSHIPDISCOUNTLINKS,PACKAGECATEGORY_ID
POSMEMBERSHIPDISCOUNTLINKS,POSMEMBERSHIPDISCOUNT_ID
POSMEMBERSHIPDISCOUNTLINKS,POSPRODUCT_ID
POSMEMBERSHIPDISCOUNTLINKS,PRODUCTCLASS_ID
POSMEMBERSHIPDISCOUNTLINKS,PRODUCTDEPARTMENT_ID
POSMEMBERSHIPDISCOUNTLINKS,PRODUCTSUBCLASS_ID
POSMEMBERSHIPDISCOUNTS,POS_DISCOUNT_PRODUCT_ID
POSPRODUCT_CENTER_QUANTITY,CENTER_ID
POSPRODUCT_CENTER_QUANTITY,GLACCOUNT_ID
POSPRODUCT_CENTER_QUANTITY,POSPRODUCT_ID
POSPRODUCT_CENTER_QUANTITY,SITE_ID
POSPRODUCTADJUSTMENTS,POSPRODUCT_ID
POSPRODUCTFEES,CHARGE_ID
POSPRODUCTFEES,GLACCOUNT_ID
POSPRODUCTFEES,POSPRODUCT_ID
POSPRODUCTLOGS,POSPRODUCT_ID
POSPRODUCTLOGS,SYSTEMUSER_ID
POSPRODUCTS,ACTIVITY_ID
POSPRODUCTS,COMPANY_ID
POSPRODUCTS,DISCLAIMER_ID
POSPRODUCTS,FEE_CONTRACT_ID
POSPRODUCTS,GLACCOUNT_ID
POSPRODUCTS,PRODUCTCLASS_ID
POSPRODUCTS,PRODUCTDEPARTMENT_ID
POSPRODUCTS,PRODUCTSUBCLASS_ID
POSPRODUCTS,SITE_ID
POSPRODUCTS,STAFF_FEE_CONTRACT_ID
POSPRODUCTS,SYSTEM_GL_ACCOUNT_PACKAGE_ID
POSPRODUCTS,UPLOADEDFILE_ID
POSTALCODES,CITY_ID
PREPCODES,ACTIVITY_RESERVATION_PATTERN_ID
PREPCODES,SITE_ID
PREREQUISITE_ALTERNATE_KEY_STATUS,ALTERNATEKEYSTATUS_ID
PREREQUISITE_ALTERNATE_KEY_STATUS,PREREQUISITE_ID
PREREQUISITES,ACTIVITY_ID
PREREQUISITES,ALTERNATEKEYTYPE_ID
PREREQUISITES,DCPROGRAM_ID
PREREQUISITES,PREREQUISITEACTIVITY_ID
PREREQUISITES,PREREQUISITEDCPROGRAM_ID
PREREQUISITES,PREREQUISITEPACKAGE_ID
PREREQUISITES,PREREQUISITESKILL_ID
PRIVATE_LESSON_GROUPS,ACTIVITY_ID
PRODUCTCLASSES,PRODUCTDEPARTMENT_ID
PRODUCTLINKS,ORIGINAL_PRODUCT_ID
PRODUCTLINKS,POSPRODUCT_ID
PRODUCTORDERDETAILS,POSPRODUCT_ID
PRODUCTORDERDETAILS,PRODUCTORDER_ID
PRODUCTORDERDETAILS,SYSTEMUSER_ID
PRODUCTORDERS,COMPANY_ID
PRODUCTORDERS,SITE_ID
PRODUCTORDERS,STATION_ID
PRODUCTORDERS,SYSTEMUSER_ID
PRODUCTSUBCLASSES,PRODUCTCLASS_ID
PROFILE_ADHOCREPORT_CATALOGOPTIONS,PROFILE_ID
PROFILE_JASPER_RESOURCES,JASPER_RESOURCES_ID
PROFILE_JASPER_RESOURCES,PROFILE_ID
PROFILEADHOCREPORTOPTIONS,ADHOCREPORT_ID
PROFILEADHOCREPORTOPTIONS,PROFILE_ID
PROFILEOPTIONS,PROFILE_ID
PROFILES,COMMISSION_SCHEME_ID
RECEIPTDETAILPAYMENTS,GLACCOUNT_ID
RECEIPTDETAILPAYMENTS,RECEIPTDETAIL_ID
RECEIPTDETAILPAYMENTS,RECEIPTPAYMENT_ID
RECEIPTDETAILPAYMENTSREAPPLIED,GLACCOUNT_ID
RECEIPTDETAILPAYMENTSREAPPLIED,RECEIPTDETAIL_ID
RECEIPTDETAILPAYMENTSREAPPLIED,RECEIPTPAYMENT_ID
RECEIPTDETAILS,CHARGE_ID
RECEIPTDETAILS,COUPON_ID
RECEIPTDETAILS,DEPOSIT_RECEIPTDETAIL_ID
RECEIPTDETAILS,GL_PAYMENT_SITE_ID
RECEIPTDETAILS,GLACCOUNT_ID
RECEIPTDETAILS,ORIGINALRECEIPTDETAIL_ID
RECEIPTDETAILS,ORIGINALTRANSACTION_ID
RECEIPTDETAILS,POS_PRODUCT_ID
RECEIPTDETAILS,REVENUE_SITE_ID
RECEIPTDETAILS,ROOTRECEIPTDETAIL_ID
RECEIPTDETAILS,SITE_ID
RECEIPTDETAILS,STATION_ID
RECEIPTDETAILS,SYSTEM_GL_ACCOUNT_PACKAGE_ID
RECEIPTDETAILS,SYSTEMUSER_ID
RECEIPTDETAILS,TAXGLACCOUNTID1
RECEIPTDETAILS,TAXGLACCOUNTID2
RECEIPTDETAILS,TAXGLACCOUNTID3
RECEIPTDETAILS,TAXGLACCOUNTID4
RECEIPTDETAILS,TAXGLACCOUNTID5
RECEIPTDETAILS,TAXGLACCOUNTID6
RECEIPTDETAILS,TAXGLACCOUNTID7
RECEIPTDETAILS,TAXGLACCOUNTID8
RECEIPTDETAILS,TRANSACTION_ID
RECEIPTHEADERS,SITE_ID
RECEIPTHEADERS,STATION_ID
RECEIPTHEADERS,SYSTEMUSAGELOG_ID
RECEIPTHEADERS,SYSTEMUSER_ID
RECEIPTHEADERS,ZOUTREPORT_ID
RECEIPTPAYMENTS,CARDTYPE_ID
RECEIPTPAYMENTS,CASH_SUMMARY_SHEET_ID
RECEIPTPAYMENTS,COMPANY_ID
RECEIPTPAYMENTS,CUSTOMER_ID
RECEIPTPAYMENTS,CUSTOMIZED_PAYMENT_TYPE_ID
RECEIPTPAYMENTS,GIFT_CERTIFICATE_ID
RECEIPTPAYMENTS,PAYMENT_GL_ACCOUNT_ID
RECEIPTPAYMENTS,RECEIPTDETAIL_ID
RECEIPTPAYMENTS,RECEIPTHEADER_ID
RECEIPTPAYMENTS,REPLACED_RECEIPTPAYMENT_ID
RECEIPTPAYMENTS,REVERSED_RECEIPT_PAYMENT_ID
RECEIPTPAYMENTS,SITE_ID
RECEIPTPAYMENTS,STATION_ID
RECEIPTPAYMENTS,SYSTEMUSER_ID
REFUNDCHARGEOVERRIDE,ACTIVITY_ID
REFUNDCHARGEOVERRIDE,CHARGE_ID
REFUNDCHARGEOVERRIDE,DCPROGRAM_ID
REFUNDCHARGEOVERRIDE,GLACCOUNT_ID
REFUNDCHARGEOVERRIDE,PACKAGE_ID
REFUNDCHARGEOVERRIDE,POSPRODUCT_ID
REFUNDCHARGES,CHARGE_ID
REFUNDCHARGES,GLACCOUNT_ID
REFUNDCHARGES,SITE_ID
REGISTRATIONROLLOVERRESULT,CUSTOMER_ID
REGISTRATIONROLLOVERRESULT,RECEIPTHEADER_ID
REGISTRATIONROLLOVERRESULT,SYSTEMUSER_ID
REPORT_DEFINITION_TIME,REPORTDEFINITION_ID
REPORTDEFAULTDETAIL,REPORTDEFAULTHEADER_ID
REPORTDEFAULTHEADER,SITE_ID
REPORTDEFAULTHEADER,SYSTEMUSER_ID
REPORTDEFAULTHEADER,WORKSTATION_ID
REPORTDEFINITION,ADHOCREPORT_ID
REPORTDEFINITION,FROMEMAILADDRESS_ID
REPORTDEFINITION,SITE_ID
REPORTDEFINITION_USERPROFILES,PROFILE_ID
REPORTDEFINITION_USERPROFILES,REPORTDEFINITION_ID
REPORTDEFINITION_USERS,REPORTDEFINITION_ID
REPORTDEFINITION_USERS,SYSTEMUSER_ID
REPORTDEFINITIONOVERRIDES,REPORT_DEFINITION_ID
REPORTDETAILS,REPORTHEADER_ID
REQUEST_REFUND,APPROVED_SYSTEMUSER_ID
REQUEST_REFUND,CUSTOMERACCOUNT_ID
REQUEST_REFUND,ORIGINALREQUESTREFUND_ID
REQUEST_REFUND,SITE_ID
REQUEST_REFUND,STATION_ID
REQUEST_REFUND,SYSTEMUSER_ID
RESERVATION_DATE_RANGES,FACILITY_ID
RESOURCESCHEDULERUSERSETTINGS,DEFAULT_VIEW_ID
RESOURCESCHEDULERUSERSETTINGS,SYSTEMUSER_ID
RESOURCESCHEDULERVIEWS,SYSTEMUSER_ID
RG_CATEGORY,DEFAULT_EXPENSE_GL_ACCOUNT_ID
RG_CATEGORY,DEFAULT_EXPENSE_OFFSET_GL_ACCOUNT_ID
RG_CATEGORY,GLACCOUNT_ID
RSERVERLOG,SYSTEMUSER_ID
RSERVERLOG,WORKSTATION_ID
SCHEDULED_LOAD_CUSTOMER,GLACCOUNT_ID
SCHEDULETYPES,COMPANY_ID
SCHEDULETYPES,CUSTOMER_ID
SCHEDULETYPES,DEFAULT_DEPARTMENT_ID
SCHEDULETYPES,DEFAULT_EXPENSE_GL_ACCOUNT_ID
SCHEDULETYPES,DEFAULT_EXPENSE_OFFSET_GL_ACCOUNT_ID
SCHEDULETYPES,DEFAULT_INSTRUCTOR_ROLE_ID
SCHEDULETYPES,SITE_ID
SCHOLARSHIP_APPLICATIONS,APPROVAL_SITE_ID
SCHOLARSHIP_APPLICATIONS,APPROVED_BY
SCHOLARSHIP_APPLICATIONS,CHARGE_ID
SCHOLARSHIP_APPLICATIONS,CUSTOMER_ID
SCHOLARSHIP_APPLICATIONS,FAMILY_ID
SCHOLARSHIP_APPLICATIONS,SITE_ID
SCHOLARSHIP_APPLICATIONS,USER_ID
SCHOLARSHIPDONORPROVIDER,CHARGE_ID
SCHOLARSHIPDONORPROVIDER,COMPANY_ID
SCHOLARSHIPDONORPROVIDER,CUSTOMER_ID
SEASONS,SITE_ID
SECONDARYPAYMENTS,CUSTOMER_ID
SECONDARYPAYMENTS,SAVED_CREDITCARD_ID
SITE_FEECONTRACT_CUST_TYPES,CUSTOMERTYPE_ID
SITE_FEECONTRACT_CUST_TYPES,SITE_FEE_CONTRACT_ID
SITE_FEECONTRACT_PACKAGES,PACKAGE_ID
SITE_FEECONTRACT_PACKAGES,SITE_FEE_CONTRACT_ID
SITEFAQ,RECNETFAQ_ID
SITEFAQ,SITE_ID
SITEFEECONTRACTS,SITE_ID
SITEINFO,SITE_ID
SITES,BANNER_LOGO_ID
SITES,EXPENSE_GL_ACCOUNT_ID
SITES,EXPENSE_OFFSET_GL_ACCOUNT_ID
SITES,GEOGRAPHIC_AREA_ID
SITES,RECEIPT_LOGO_ID
SITES,STATEMENT_LOGO_ID
SITES,TAX_TABLE_ID_1
SITES,TAX_TABLE_ID_2
SITES,TAX_TABLE_ID_3
SITES,TAX_TABLE_ID_4
SITES,TAX_TABLE_ID_5
SITES,TAX_TABLE_ID_6
SITES,TAX_TABLE_ID_7
SITES,TAX_TABLE_ID_8
SITES,TAXGLACCOUNTID1
SITES,TAXGLACCOUNTID2
SITES,TAXGLACCOUNTID3
SITES,TAXGLACCOUNTID4
SITES,TAXGLACCOUNTID5
SITES,TAXGLACCOUNTID6
SITES,TAXGLACCOUNTID7
SITES,TAXGLACCOUNTID8
SKIPDATE_CENTER,CENTER_ID
SKIPDATE_CENTER,SKIPDATE_ID
SKIPDATE_FACILITY,FACILITY_ID
SKIPDATE_FACILITY,SKIPDATE_ID
SKIPDATES,ACTIVITY_DEPARTMENT_ID
SKIPDATES,SITE_ID
SSO_LOGIN_FUNCTION,ALTERNATEKEYTYPE_ID
SSO_LOGIN_FUNCTION,SITE_ID
STAGE_ATTACHMENTS,PERMIT_ID
STAGE_ATTACHMENTS,STAGE_ID
STAGE_ATTACHMENTS,UPLOADED_FILE_ID
STAGES,APPROVALSYSTEMUSER_ID
STAGES,SITE_ID
STAGES,UPLOADEDFILE_ID
STAGESEQUENCESTAGEDETAILS,DETAILCHILD_ID
STAGESEQUENCESTAGEDETAILS,STAGESEQUENCESTAGE_ID
STAGESEQUENCESTAGES,STAGE_ID
STAGESEQUENCESTAGES,STAGESEQUENCE_ID
STANDARDCHARGES,CENTER_ID
STANDARDCHARGES,CHARGE_ID
STANDARDCHARGES,CUSTOMERTYPE_ID
STANDARDCHARGES,EVENTTYPE_ID
STANDARDCHARGES,FACILITY_CATEGORY_ID
STANDARDCHARGES,FACILITY_ID
STANDARDCHARGES,FACILITY_PACKAGE_ID
STANDARDCHARGES,FACILITYTYPE_ID
STANDARDCHARGES,GLACCOUNT_ID
STANDARDCHARGES,SITE_ID
STANDARDCHARGES,STAGESEQUENCE_ID
STANDARDCHARGES,SYSTEM_GL_ACCOUNT_PACKAGE_ID
STATES,TAX_GL_ACCOUNT_ID
STATES,TAX_TABLE_ID
STREETS,GEOGRAPHIC_AREA_ID
SUBRECEIPTDETAILPAYMENTS,GLACCOUNT_ID
SUBRECEIPTDETAILPAYMENTS,RECEIPT_DETAIL_PAYMENT_ID
SUBRECEIPTDETAILPAYMENTS,RECEIPTDETAIL_ID
SUBRECEIPTDETAILPAYMENTS,RECEIPTPAYMENT_ID
SUBRECEIPTDETAILS,GLACCOUNT_ID
SUBRECEIPTDETAILS,RECEIPTDETAIL_ID
SUBSCRIPTIONLIST_MAIL,MAILINGLIST_ID
SUBSCRIPTIONLIST_MAIL,SUBSCRIPTIONLIST_ID
SUBSTITUTE_INSTRUCTOR_PAYROLLS,ACTIVITY_INSTRUCTOR_ID
SUBSTITUTE_INSTRUCTOR_PAYROLLS,SUB_INSTRUCTOR_ID
SUPERVISORS,CUSTOMER_ID
SUPERVISORS,SITE_ID
SUSPENSION_TRANSACTION,CUSTOMER_ID
SUSPENSION_TRANSACTION,REASON_ID
SYSTEM,ABSORBCHARGE_ID
SYSTEM,ABSORBGLACCOUNT_ID
SYSTEM,ACCRUAL_AR_GL_ACCOUNT_ID
SYSTEM,APGLACCOUNT_ID
SYSTEM,ARGLACCOUNT_ID
SYSTEM,CASH_ROUNDING_GL_ACCOUNT_ID
SYSTEM,CASHCUSTOMER_ID
SYSTEM,CASHGLACCOUNT_ID
SYSTEM,CHECK_GL_ACCOUNT_ID
SYSTEM,CREDIT_CARD_GL_ACCOUNT_ID
SYSTEM,CREDIT_MEMO_GL_ACCOUNT_ID
SYSTEM,CUSTOMERGLACCOUNT_ID
SYSTEM,DEBIT_CARD_GL_ACCOUNT_ID
SYSTEM,ECP_GL_ACCOUNT_ID
SYSTEM,ENROLLMENT_EMAIL_NOTIFICATION_ID
SYSTEM,FEE_CONTRACT_ID
SYSTEM,POSCHARGE_ID
SYSTEM,RCIAGLACCOUNT_ID
SYSTEM,WITHDRAWAL_EMAIL_NOTIFICATION_ID
SYSTEM_GL_ACCOUNT_PACKAGES,ABSORB_ACCT
SYSTEM_GL_ACCOUNT_PACKAGES,ACCRUAL_AR_ACCT
SYSTEM_GL_ACCOUNT_PACKAGES,AP_ACCT
SYSTEM_GL_ACCOUNT_PACKAGES,AR_ACCT
SYSTEM_GL_ACCOUNT_PACKAGES,CASH_ACCT
SYSTEM_GL_ACCOUNT_PACKAGES,CHECK_ACCT
SYSTEM_GL_ACCOUNT_PACKAGES,CREDIT_CARD_ACCT
SYSTEM_GL_ACCOUNT_PACKAGES,CREDIT_MEMO_ACCT
SYSTEM_GL_ACCOUNT_PACKAGES,CUSTOMER_ACCT
SYSTEM_GL_ACCOUNT_PACKAGES,ECP_ACCT
SYSTEM_GL_ACCOUNT_PACKAGES,RCIA_ACCT
SYSTEM_USER_HEADER_MENUS,SYSTEM_USER_ID
SYSTEM_USER_PASSWORDS,SYSTEMUSER_ID
SYSTEM_USERS,COMMISSION_SCHEME_ID
SYSTEM_USERS,CUSTOMER_ID
SYSTEM_USERS,PROFILE_ID
SYSTEM_USERS,QUICK_RES_CUSTOMER_TYPE_ID
SYSTEM_USERS,QUICK_RES_EVENT_TYPE_ID
SYSTEM_USERS,QUICK_RES_SCHEDULE_TYPE_ID
SYSTEM_USERS,RESOURCE_SCHEDULER_VIEW_ID
SYSTEM_USERS,SITE_ID
SYSTEM_USERS_SITES,SITE_ID
SYSTEM_USERS_SITES,SYSTEMUSER_ID
SYSTEMUSAGELOG,CASH_SUMMARY_SHEET_ID
SYSTEMUSAGELOG,CUSTOMER_ID
SYSTEMUSAGELOG,SYSTEMUSER_ID
SYSTEMUSAGELOG,WORKSTATION_ID
SYSTEMUSER_DEPARTMENTS,ACTIVITY_DEPARTMENT_ID
SYSTEMUSER_DEPARTMENTS,SYSTEMUSER_ID
SYSTEMUSER_INFO,SYSTEMUSER_ID
SYSTEMUSER_PROFILES,PROFILE_ID
SYSTEMUSER_PROFILES,SYSTEMUSER_ID
TAX_BRACKETS,TAX_TABLE_ID
TEAMCONTACTS,COMPANY_ID
TEAMCONTACTS,CONTACTTYPE_ID
TEAMCONTACTS,CUSTOMER_ID
TEAMCONTACTS,TEAM_ID
TEAMHOMESITES,FACILITY_ID
TEAMHOMESITES,TEAM_ID
TEAMNOPLAYDATES,TEAM_ID
TEAMNOPLAYTIMERANGES,TEAM_ID
TEAMPENDINGADDS,TEAM_ID
TEAMPENDINGADDS,WORKSTATION_ID
TEAMS,ACTIVITY_ID
TEAMS,ACTIVITYDIVISION_ID
TEAMS,ACTIVITYTEAMCATEGORY_ID
TEAMS,HOME_FACILITY_ID
TEAMS,LEAGUE_ID
TEAMS,TRANSACTION_ID
TRANSACTION_PRIVATE_LESSON_MODIFICATION,TRANSACTION_ID
TRANSACTIONCOUPONS,COUPON_ID
TRANSACTIONCOUPONS,TRANSACTION_ID
TRANSACTIONS,ACTIVITY_ID
TRANSACTIONS,ACTIVITY_PASS_FAIL_GRADES_ID
TRANSACTIONS,CAMPAIGN_ID
TRANSACTIONS,CASH_SUMMARY_SHEET_ID
TRANSACTIONS,COMBINATION_LOCK_ID
TRANSACTIONS,COMPANY_ID
TRANSACTIONS,CONTRACT_ID
TRANSACTIONS,CUSTOMER_ID
TRANSACTIONS,CUSTOMERUSAGELOG_ID
TRANSACTIONS,DCPROGRAM_ID
TRANSACTIONS,DCSESSION_ID
TRANSACTIONS,EVENTTYPE_ID
TRANSACTIONS,FACILITY_ID
TRANSACTIONS,FEE_CONTRACT_ID
TRANSACTIONS,GIFT_CERTIFICATE_ID
TRANSACTIONS,HUMAN_RESOURCE_DEFAULT_FACILITY_ID
TRANSACTIONS,LEAGUESCHEDULE_ID
TRANSACTIONS,MEMBERSHIP_ID
TRANSACTIONS,ORIGINALTRANSACTION_ID
TRANSACTIONS,PACKAGE_ID
TRANSACTIONS,PERMIT_ID
TRANSACTIONS,POSPRODUCT_ID
TRANSACTIONS,PREPCODE_ID
TRANSACTIONS,PRIVATE_LESSON_GROUP_ID
TRANSACTIONS,REASON_ID
TRANSACTIONS,RECEIPTHEADER_ID
TRANSACTIONS,REVENUESITE_ID
TRANSACTIONS,ROOTTRANSACTION_ID
TRANSACTIONS,SCHEDULETYPE_ID
TRANSACTIONS,SITE_ID
TRANSACTIONS,STAGESEQUENCE_ID
TRANSACTIONS,STATION_ID
TRANSACTIONS,SYSTEMUSAGELOG_ID
TRANSACTIONS,SYSTEMUSER_ID
TRANSACTIONS,TEAM_ID
TRANSACTIONSTAGEDETAILS,DETAILCHILD_ID
TRANSACTIONSTAGEDETAILS,TRANSACTIONSTAGE_ID
TRANSACTIONSTAGES,APPROVALSYSTEMUSER_ID
TRANSACTIONSTAGES,STAGE_ID
TRANSACTIONSTAGES,SYSTEMUSER_ID
TRANSACTIONSTAGES,TRANSACTION_ID
TRIAL_CLASS_REGISTRATION,ACTIVITY_DATE_ID
TRIAL_CLASS_REGISTRATION,ACTIVITY_ID
TRIAL_CLASS_REGISTRATION,CUSTOMER_ID
TRIAL_CLASS_REGISTRATION,LAST_TRANSACTION_ID
TRIAL_CLASS_STATISTICS,ACTIVITY_DATE_ID
TRIAL_PENDING_ADDS,ACTIVITY_DATE_ID
TRIAL_PENDING_ADDS,WORKSTATION_ID
TSBUTTONS,CUSTOMIZED_PAYMENT_TYPE_ID
TSBUTTONS,POSGROUP_ID
UNCOMMITTED_DCREGISTRATIONS,DCSESSION_ID
UNCOMMITTED_DCREGISTRATIONS,DCSESSIONDATE_ID
UNCOMMITTED_DCREGISTRATIONS,UNCOMMITTED_TRANSACTION_ID
UNCOMMITTED_TRANSACTIONS,PENDING_PUBLIC_ORDER_ID
UPLOADEDFILES,CUSTOMER_ID
UPLOADEDFILES,SITE_ID
USAGE_FEE_CHILD_SEASONS,CHILD_SEASON_ID
USAGE_FEE_CHILD_SEASONS,USAGE_FEE_ID
USAGE_FEE_SEASONS,SEASON_ID
USAGE_FEE_SEASONS,USAGE_FEE_ID
USAGE_FEE_TRANSACTIONS,CUSTOMER_ID
USAGE_FEE_TRANSACTIONS,FAMILYMEMBER_ID
USAGE_FEE_TRANSACTIONS,MEMBERSHIP_ID
USAGE_FEE_TRANSACTIONS,USAGE_FEE_ID
USAGE_FEE_TRANSACTIONS,USAGE_FEE_PAID_BY_TRANSACTION_ID
USAGE_FEES,EARLY_REG_DISCOUNT_GLACCOUNT_ID
USAGE_FEES,EARLY_REGISTRATION_DISCOUNT_CHARGE_ID
USAGE_FEES,EARLY_REGISTRATION_GOOD_TIL_CHILD_SEASON_ID
USAGE_FEES,EARLY_REGISTRATION_GOOD_TIL_SEASON_ID
USAGE_FEES,FEE_CHARGE_ID
USAGE_FEES,GLACCOUNT_ID
USAGE_FEES,SITE_ID
VOLUME_PRICING_PLAN_DETAILS,VOLUME_PRICING_PLAN_ID
WIDGET_CONFIG,LAYOUT_ID
WISHLIST,ACTIVITY_ID
WISHLIST,CUSTOMER_ID
WISHLISTPARTICIPANTS,CUSTOMER_ID
WISHLISTPARTICIPANTS,WISH_LIST_ID
WORKSTATIONS,CASH_SUMMARY_SHEET_LAYOUT_ID
WORKSTATIONS,CENTER_ID
WORKSTATIONS,CURRENTUSER_ID
WORKSTATIONS,CUST_MAX_SOUND_FILE_ID
WORKSTATIONS,ENTRYPOINT_ID
WORKSTATIONS,EQ_LENDING_LAYOUT_ID
WORKSTATIONS,FACILITY_ID
WORKSTATIONS,FACILITYGROUP_ID
WORKSTATIONS,INVENTORY_SHORT_SOUND_FILE_ID
WORKSTATIONS,POSCONTROLCODE_ID
WORKSTATIONS,POSLAYOUT_ID
WORKSTATIONS,PREREQ_MISSING_SOUND_FILE_ID
WORKSTATIONS,SIGN_IN_SOUND_FILE_ID
WORKSTATIONS,SIGN_OUT_SOUND_FILE_ID
WORKSTATIONS,SITE_ID
WORKSTATIONS,WORKSTATIONGROUP_ID
